report_id,file_name,company_name_english,company_name_original,year_of_report,industry_sector,main_business_summary,ownership_type,size_proxy,reporting_standard_mentions,ESG_structure_present,quantitative_data_richness,overall_text_quality,notes
CN001,Alibaba 2024.pdf,Alibaba,not stated,2024,Technology & Internet,"Contents 002 Appendices 169-198 003 004 005 Our mission, our vision A letter from our CEO Instructions Business Overview Executive Summary 006 Developing responsible technologies 01 090-095 Providing markets, business capabilities, and ecosystems for MSMEs 02 096-105 Building corporate trust 01 145-156 Building social trust 02 157-168 Fueling Small Businesses Building Trust Solidly promoting carbon neutrality 01 026-041 Conserving and restoring nature 02 042-050 Restoring Our Green Planet Rural revitalization 01 109-116 Social emergency response 02 117-120 Leveraging technologies to tackle social problems 03 121-122 Enabling inclusive employment 04 123-129 Enhancing Community Inclusion and Resilience Promoting diversity, equity, and inclusion 01 054-057 Attracting and retaining talents 02 058-062 Enhancing employee health and vitality 03 063-066 Supporting Our People Encouraging employees to participate in philanthropy 01 133-136 Platforms driving philanthropy 02 137-138 Collaborations making an impact 03 139-141 Facilitating Participatory Philanthropy Diverse consumption 01 070-072 Trustworthy consumption 02 073-079 Inclusive consumption 03 080-083 Responsible consumption 04 084-086 Enabling a Sustainable Digital Life 2 Contents Supporting Our People Restoring Our Green Planet Enabling a Sustainable Digital Life Fueling Small Businesses Enhancing Community Inclusion and Resilience Facilitating Participatory Philanthropy Building Trust Appendices Our mission To make it easy to do business anywhere.",not stated,"62,000 employees (p13)",not stated,yes,3,3,
CN002,ANT Group 2024.pdf,ANT Group,not stated,2024,Technology & Internet,"In healthcare, every aspect of the user experience is streamlined, from appointments to insurance claims. At the dawn of the age of AI, we are empowered to do more and better for small businesses and individuals."" The vitality of the economy, we believe, is anchored in the success of small businesses.",state-owned,"35,000 employees (p7)",not stated,yes,3,3,
CN003,ANTA Sports Products Ltd 2024.pdf,ANTA Sports Products Ltd,not stated,2024,Transportation & Logistics,"The mission of the companyd is to integrate the sports spirit of ‚ÄúGoing Beyond Oneself‚Äù into everyone‚Äôs daily life. ANTA Sports is also the largest shareholder of Amer Sports, Inc., a global group of iconic sports and outdoor brands, including Arc‚Äôteryx, Salomon, Wilson, Peak Performance, and Atomic, whose shares are listed on the New York Stock Exchange (NYSE: AS).",not stated,"65,900 
employees (p7)",not stated,yes,3,3,
CN004,AUO 2024.pdf,AUO,not stated,2024,Manufacturing & Electronics,"These will serve to transform AUO into a solutions provider centered on display technology. In the future, the goal to develop with the frame of 3 Pillars (Display, Mobility Solution, Vertical Solution) is to make us transform from a company specializing in panel-based display components to a ""solutions provider centered on display technology"".",not stated,"41,000 employees (p2)",SDGs,yes,3,3,
CN005,Baidu 2024.pdf,Baidu,not stated,2024,Technology & Internet,"Baidu 2024 Environmental, Social and Governance (ESG) Report Contents Appendix Stakeholder Engagement HKEX ESG Index GRI Content Index SASB Standards Contributions to UN SDGs Greenhouse Gases Verification Opinion ESG Report Verification Statement Reader Feedback Form 101 101 102 104 107 108 110 111 112 About This Report Message from the CEO About Baidu ESG Management Overview of ESG Performance 01 02 03 05 09 Board Governance Risk Governance Tax Transparency Business Ethics Supply Chain Management AI Ethics Human Rights Due Diligence 12 13 16 16 21 23 26 Data Security and Cybersecurity Privacy and Personal Information Protection Content Governance Service Assurance 30 37 40 48 Talent Structure Talent Acquisition and Retention Talent Training and Development Employee Rights, Diversity, and Inclusion 53 54 63 68 Climate Action Green Operations Green Products and Services 73 80 89 01 Corporate Governance 02 User Trust and Service Excellence 03 People and Talent 04 Environmental Stewardship 05 Community Engagement AI Talent Community Leveraging AI to Enhance Societal Well-Being Philanthropy and Charitable Initiatives 92 95 99 Baidu 2024 Environmental, Social and Governance (ESG) Report 01 About This Report Reporting Period Availability of this Report Forward-looking Statement Basis of Preparation This report is the sixth Environmental, Social and Governance (ESG) Report released by Baidu and provides a comprehensive overview of the company's ESG performance. This report is an annual report covering work of the financial year from January 1, 2024 to December 31, 2024 ('reporting period').",not stated,"93,000 employees (p21)",GRI; SASB; ISSB; UNGC; SDGs,yes,3,3,
CN006,Bank of China 2024.pdf,Bank of China,not stated,2024,Financial Services,"Corporate Social Responsibility Report Governance Social Environmental Bank of China Limited The Yellow River Basin is a vital cradle of the Chinese national and civilisation, where sediment management plays a key role in maintaining ecological security. Safeguarding the Stability of the Yellow River and Preserving Its Cultural Legacy 02 04 06 Embarking on a Path of Green Development to Contribute to the Building of a Beautiful China Adapting to the Evolving Conditions to Reinforce the Foundation for Sustainable Development 12 15 36 44 Environmental Chapter 94 98 102 104 106 Governance Chapter 48 64 72 80 86 Social Chapter 108 121 123 124 125 131 Governance Serving High-quality Development of the Chinese Economy Keeping Ensuring and Improving People's Well-being Practising the Customer-First Service Philosophy Unlocking the Potential of Human Resources Leveraging Financial Strength for Social Good Playing the Leading Role of Party Building Enhancing the Effectiveness of Corporate Governance Intensifying Efforts to Promote Digital Finance Pressing Ahead with Comprehensive Risk Management Strictly Upholding the Internal Control and Compliance Bottom Line Strategies Risk Management Metrics and Targets Striving with Dedication to Serve the Overall Economic and Social Development Message from the Chairman ESG Key Performance Responsibility Management Commitment and Progress About the Report Assurance Statement Indexes About BOC Message from the President Management Measures Highlighted Cases 03 02 Message from the Chairman Upholding the ""humanistic"" concept to address the public's aspirations for a better life.",state-owned,not stated,GRI,yes,3,3,
CN007,BYD 2024.pdf,BYD,not stated,2024,Renewables & Clean Tech,"0 2024 BYD Sustainability Report GOVERNANCE INTEGRITY AND CREDIBILITY FOR BUSINESS DEVELOPMENT GREEN FUTURE NAVIGATED BY TECHNOLOGY A LEGACY OF CRAFTSMANSHIP FOR QUALITY EXCELLENCE A TALENT POOL FOR INTELLIGENCE-DRIVEN DEVELOPMENT A RESPONSIBLE SUPPLY CHAIN FOR MUTUAL GROWTH TECH FOR GOOD TO ENSURE A BETTER FUTURE APPENDIX ASSURANCE STATEMENT INTRODUCTION 2024 Sustainability Report 1 2024 BYD Sustainability Report GOVERNANCE INTEGRITY AND CREDIBILITY FOR BUSINESS DEVELOPMENT GREEN FUTURE NAVIGATED BY TECHNOLOGY A LEGACY OF CRAFTSMANSHIP FOR QUALITY EXCELLENCE A TALENT POOL FOR INTELLIGENCE-DRIVEN DEVELOPMENT A RESPONSIBLE SUPPLY CHAIN FOR MUTUAL GROWTH TECH FOR GOOD TO ENSURE A BETTER FUTURE APPENDIX ASSURANCE STATEMENT INTRODUCTION 123 151 40 41 46 53 65 66 73 80 82 114 115 121 90 91 92 95 98 100 104 108 109 111 113 02 04 05 06 11 16 22 30 31 33 37 39 INTRODUCTION GOVERNANCE INTEGRITY AND CREDIBILITY FOR BUSINESS DEVELOPMENT GREEN FUTURE NAVIGATED BY TECHNOLOGY A LEGACY OF CRAFTSMANSHIP FOR QUALITY EXCELLENCE A TALENT POOL FOR INTELLIGENCE- DRIVEN DEVELOPMENT A RESPONSIBLE SUPPLY CHAIN FOR MUTUAL GROWTH TECH FOR GOOD TO ENSURE A BETTER FUTURE APPENDIX ASSURANCE STATEMENT About This Report Message from the Chairman About Us Special Section: The Soul of Engineers Sustainability Strategy Sustainability Management Corporate Governance Compliance Operation Information Security Protection of Shareholders‚Äô Interests Response to Climate Change Green Products and Technologies Green Operation Technological Innovation Product Responsibility Responsible Marketing Customer Interests and Services Employee Rights Employment Talent Training and Development Compensation and Benefits Employee Care Occupational Health and Safety in Production Supply Chain Management Responsible Supply Chain Supply Chain Integrity Community Impact Social Welfare CONTENTS Message from the CSO 2 2024 BYD Sustainability Report GOVERNANCE INTEGRITY AND CREDIBILITY FOR BUSINESS DEVELOPMENT GREEN FUTURE NAVIGATED BY TECHNOLOGY A LEGACY OF CRAFTSMANSHIP FOR QUALITY EXCELLENCE A TALENT POOL FOR INTELLIGENCE-DRIVEN DEVELOPMENT A RESPONSIBLE SUPPLY CHAIN FOR MUTUAL GROWTH TECH FOR GOOD TO ENSURE A BETTER FUTURE APPENDIX ASSURANCE STATEMENT INTRODUCTION 2 About This Report This report is the Sustainability Report of BYD Company Limited (hereinafter ‚ÄúBYD‚Äù or ‚Äúthe Company‚Äù) and its subsidiaries (hereinafter ‚Äúthe Group‚Äù, ‚ÄúGroup‚Äù or ‚Äúwe‚Äù) for the year 2024. Scope of Report This is an annual report covering the period from 1 January 2024 through 31 December 2024 (hereinafter ‚Äúthe reporting period‚Äù).",not stated,"12,000 employees (p19)",GRI; SDGs,yes,3,3,
CN008,CATL 2024.pdf,CATL,not stated,2024,Renewables & Clean Tech,"Environmental, Social and Governance (ESG) Report 01 02 Sustainable Development Governance Overview of CATL Operation Governance Environment Society Contemporary Amperex Technology Co., Limited 2024 Environmental, Social and Governance (ESG) Report CONTENTS Report Preparation Instructions 03 Message from the Leader 05 ESG Data Sheet and Notes 121 Benchmarking Index 131 Appendix 146 Assurance Statement 159 Business Scope Global Landscape CATL‚Äôs Strategies Overview of CATL Sustainable Development Philosophy Sustainability Management Structure Assessment and Management of Material Topics Communication with Stakeholders Sustainable Development Governance üîπR&D Innovation üîπIntelligent Manufacturing and Lean Management üîπProduct Quality and Safety üîπSupply Chain Management üîπCustomer Relationship Management üîπIntellectual Property Protection Fair Competition Corporate Governance Investor Protection üîπRisk Management and Internal Control Anti-bribery and Anti-corruption Information Security and Privacy Protection Operation Governance 01 02 üîπClimate Actions üîπCircular Economy Energy Utilization Water Resource Utilization Environmental Compliance Management Emissions and Waste Management Ecosystem and Biodiversity Conservation Environment 03 Employees‚Äô Rights and Benefits Equity and Diversity üîπTalent Training and Development üîπOccupational Health and Safety Industrial Cooperation and Development Charity and Volunteer Services Community Communication and Development Rural Revitalization 101 103 106 110 114 116 117 119 31 37 39 43 47 51 52 55 57 59 62 66 09 11 13 15 18 19 27 71 85 87 89 90 92 96 Society04 07 15 03 04 Sustainable Development Governance Overview of CATL Operation Governance Environment Society Contemporary Amperex Technology Co., Limited 2024 Environmental, Social and Governance (ESG) Report Report Preparation Instructions This is the fourth Environmental, Social, and Governance (ESG) Report released by CATL, presenting stakeholders with the Company‚Äôs principles, approaches, initiatives, and progress in sustainability. The scope of this report is consistent with the that of the Consolidated Financial Statements of CATL (stock code: 300750.SZ).",not stated,"40,000 employees (p22)",GRI; SDGs,yes,3,3,
CN009,CCB 2024.pdf,CCB,not stated,2024,Financial Services,"111 ESG Data Sheet and Notes...................................................................................................................................112 Social Recognition....................................................................................................................................................117 Independent Assurance Report.........................................................................................................................119 Third-Party Statement on Greenhouse Gas Emissions...........................................................................138 Index................................................................................................................................................................................139 China Construction Bank Corporation 2024 Sustainability Report 2 Corporate Introduction China Construction Bank Corporation, headquartered in Beijing, is a leading large-scale commercial bank in China. The Bank provides customers with comprehensive financial services, including corporate finance business, personal finance business, treasury and asset management business and others, serving 771 million personal customers and 11.68 million corporate customers.",state-owned,not stated,not stated,yes,3,3,
CN010,Chery Auto 2024.pdf,Chery Auto,not stated,2024,Automotive,"2024 Chery Auto Environmental, Social and Governance Report 2 About This Report Message from the Chairman 01 02 Responsible Development Corporate Governance Sustainability Management Stable Operations 09 11 17 Quality First Excellent Quality Mobility Safety Responsible Supply Chain Responsible Marketing and Dealers Management 44 51 57 66 Humanistic Care Happy Chery Force for Good 95 106 Intelligent Innovation Technology Strategy Innovation Achievements Lean R&D Industry Development 31 33 39 42 Green Commitment Climate Change and Low-Carbon Transition Environment and Resource Management Biodiversity Protection 69 82 91 Appendix ESG Key Performance Indicators HKEX ESG Reporting Code Index GRI Content Index Independent Assurance Statement 109 119 122 126 Contents About Chery Auto 03 About Chery Auto Milestones in 2024 Sustainability Highlights in 2024 03 04 05 About This Report Report Overview The 2024 Environmental, Social and Governance Report of Chery Auto (hereinafter referred to as ‚Äúthis Report‚Äù) is the second Environmental, Social and Governance (ESG) report issued by Chery Automobile Co., Ltd. Accordingly, this ESG Report has not been prepared in accordance with the ESG Reporting Guide set out in Appendix C2 to the Rules Governing the Listing of Securities on The Stock Exchange of Hong Kong Limited (the ‚ÄúListing Rules‚Äù), nor is it subject to the mandatory disclosure requirements under the Listing Rules.",not stated,"60,000 employees (p27)",GRI; SDGs,yes,3,3,
CN011,China Development Bank Financial Leasing.pdf,limited company incorporated in the People‚Äôs Republic of China) ËÇ°‰ªΩ‰ª£Ëôü Stock Code: 1606 ( Êñº‰∏≠ËèØ‰∫∫Ê∞ëÂÖ±ÂíåÂúãË®ªÂÜäÊàêÁ´ãÁöÑËÇ°‰ªΩÊúâÈôêÂÖ¨Âè∏) Áí∞Â¢É„ÄÅÁ§æÊúÉÂèäÁÆ°Ê≤ªÂ†±Âëä,ËÇ°‰ªΩ‰ª£Ëôü,2024,Financial Services,"FOCUSING ON GREEN FINANCE AND CREATING A NEW MODEL OF GREEN LEASING 19 4.1 DRIVING THE GREEN TRANSFORMATION AND UPGRADING OF TRADITIONAL INDUSTRIES 19 4.2 BOOSTING THE INNOVATION OF CLEAN ENERGY BUSINESS 20 4.3 PRACTICING THE OPERATIONAL CONCEPT OF GREEN SHIP 21 Topic: Leading the sustainable development of green aviation industry 23 Topic: Support the high-quality development of the photovoltaic industry 26 5. Environmental, Social and Governance Report 2024 02 OVERVIEW OF THE REPORT This Environmental, Social and Governance Report (the ‚ÄúReport‚Äù) is aimed at systematically explaining to readers the environmental, social and governance (‚ÄúESG‚Äù) performance of China Development Bank Financial Leasing Co., Ltd.",state-owned,not stated,TCFD,yes,3,3,
CN012,China Merchant Bank 2024.pdf,"China Merchants Bank Co., Ltd.",not stated,2024,Financial Services,not stated,not stated,"323,400 employees (p13)",GRI,yes,2,3,
CN013,China Merchants Port Holdings Company.pdf,China Merchants Port Holdings Company,not stated,not stated,Financial Services,not stated,not stated,not stated,GRI,yes,3,3,
CN014,China Shenhua Energy 2024.pdf,China Shenhua Energy,not stated,2024,Energy & Utilities,not stated,state-owned,"83,000 employees (p10)",GRI,yes,3,3,
CN015,China State Construction 2024.pdf,China State Construction,not stated,2024,Construction & Infrastructure,"Expanding a Happy Living Environment Sustainability Report Stock Code: 601668.SH Environmental Social Governance This report is made of imported high-grade specialized environmentally-friendly paper. The additive components used in the paint do not contain heavy metals, dioxins, formaldehyde, or other carcinogenic substances, and is recyclable and decomposable.",state-owned,not stated,not stated,yes,3,3,
CN016,China Three Gorges 2024.pdf,China Three Gorges,not stated,2024,Energy & Utilities,not stated,not stated,not stated,not stated,no,0,0,Text extraction limited / likely image-based
CN017,CHINT Group 2024.pdf,able Development of CHINT Materiality Assessment Corporate ESG Governance Arrangements 01 02 03 05 13 17 CHINT 01 CHINT,not stated,2024,Renewables & Clean Tech,"CHINT holds a firm belief that corporate success is inextricably linked to the well-being of both the environment and society. and its subsidiaries, which is consistent with the coverage of the consolidated financial statements in the 2024 annual financial report of the Company.",not stated,not stated,GRI; ISSB; SDGs,yes,2,3,
CN018,CITIC 2024.pdf,CITIC,not stated,2024,Conglomerate,"Strategy and Culture ESG Management Feature: Promoting Global Cooperation in ESG for Win-Win Development 02 03 03 03 03 04 06 06 08 About this Report Board Statement Scope and Period of the Report Basis of Report Preparation Reporting Principles About CITIC Limited Improving Corporate Governance According to the Law Integrity and Compliance-based Operations Strengthening Comprehensive Risk Management Enhancing Intellectual Property Management Strengthening Supplier Management Feature: Maintaining Integrity and Building an Integrity-based Culture 12 18 26 29 30 32 Improving Corporate Governance Efficiency and Ensuring Compliance and Robustness in Operations Practising the Green Development Concept to Build a Clean and Beautiful World Strengthening Dual Carbon Management Green and Low-carbon Operations Promoting Environmental Governance Pursuing Further Development in Green Finance Addressing Climate Change Feature: CITIC's biodiversity conservation plan in action 36 40 45 48 52 54 Strategy and Management 06 CONTENTS 58 61 62 63 70 74 76 80 87 Empowering Rural Revitalisation Coordinating Efforts to Resolve Risks and Ensure the Delivery of Housing Projects Providing Inclusive Financial Services Strengthen Human Resources Management Protecting the Rights and Interests of Customers Improving Returns to Shareholders Enhancing the Comprehensive Service Quality Jointly Building a Harmonious Community Feature: Strictly Protecting Customers' Rights and Interests Fulfilling Corporate Social Responsibilities and Contributing to the People's Well-being 106 106 120 125 134 Appendix Compilation of Key ESG Performance Independent Assurance Report Content Index Reader's Feedback Breakthroughs in Technological Innovation Advancing Digital CITIC Development Feature: Proactive Advancement of ""Financial Core"" and ""Industrial Starlink"" Initiatives Driving High-Quality Economic Development through Technological Innovation 92 98 104",state-owned,not stated,GRI,yes,3,3,
CN019,CMOC 2024.pdf,CMOC,not stated,2024,Mining & Metals,not stated,not stated,not stated,not stated,no,0,0,Text extraction limited / likely image-based
CN020,CNGR 2024.pdf,CNGR,not stated,2024,Renewables & Clean Tech,not stated,not stated,"276
Employees (p24)",not stated,yes,3,3,
CN021,COSCO Shipping 2024.pdf,COSCO Shipping,not stated,2024,Transportation & Logistics,not stated,state-owned,not stated,GRI,yes,3,3,
CN022,CRRC 2024.pdf,CRRC,not stated,2024,Other / Not classified,"Environmental, Social and Governance (ESG) Report CRRC Corporation Limited About the Report The Report is the 2024 Environmental, Social and Governance (ESG) Report released by CRRC Corporation Limited (hereafter referred to as ""CRRC"", ""we"" or ""the Company"") to the public. The Report is intended for all stakeholders of CRRC and is released on the principles of importance, quantifiability, balance, and consistency.",state-owned,"150,000 employees (p5)",GRI; ISSB; SDGs,yes,3,3,
CN023,CYPC 2023.pdf,Stock code: 600900.SH,not stated,2023,Other / Not classified,"Environmental, Social and Governance report 2023 This Report is printed on environmentally friendly paper China Yangtze Power Co., Ltd. About This report Basis for preparation This report is prepared according to the requirements of the Measures for the Administration of the Law-based Disclosure of Environmental Information by Enterprises issued by the Ministry of Ecology and Environment of the People‚Äôs Republic of China, the Code of Corporate Governance for Listed Companies issued by the China Securities Regulatory Commission (CSRC), the Guidelines No.",not stated,operating revenue of RMB 78.112 (p5),GRI; SDGs,yes,3,3,
CN024,ENN Natural Gas Co 2024.pdf,ENN Natural Gas Co,not stated,2024,Energy & Utilities,"Contents About This Report Message from the Chairman About ENN-NG ENN-NG Leads Energy Conservation and Carbon Reduction Across the Entire Industrial Chain ESG Governance System 04 06 08 10 12 Report on Progress of Following the UN Global Compact Principles Report Indicator Index ESG Performance Indicators ENN-NG ESG System Independent Audit Declaration Feedback on ENN-NG's ESG Report 124 125 126 131 134 136 Corporate Governance Double Materiality Risk Management Business Ethics and Anti-Corruption Asset Integrity Management Information Security & Privacy Protection 20 26 30 36 39 40 Excellent Governance: Achieving Long-Term Value Creation 01 Response to Climate Change Environmental Protection Resource Utilization Green Operations Biodiversity Conservation Green Development of Industrial Chain 92 104 108 112 114 118 Green Development: Co-Creating an Intelligent Low-carbon Framework 04 Talent Development Sustainable Supply Chain Management Customer Service Social Development 46 58 64 69 Self-driven Altruism: Creating a Diverse and Harmonious Ecosystem 02 Safety Capability Building Occupational Health and Safety 76 87 Safe Energy Supply: Laying the Foundation for Social Development 03 About This Report 4 5 This report is the 2024 Environmental, Social and Governance Report (hereinafter referred to as the ""ESG Report"" or ""this report"" for short) released by ENN Natural Gas Co., Ltd. This report has been reviewed by the Company's Board of Directors, which is responsible for the authenticity and validity of the information contained herein.",not stated,120 employees (p27),GRI; UNGC,yes,3,3,
CN025,Esquel 2024.pdf,1 ESQUEL,not stated,2024,Consumer Goods,"1 ESQUEL SUSTAINABILITY REPORT 2024 2 About the Report Message from the Chairman About Esquel Group Corporate Governance Stakeholder Engagement Planet People Product Community Pioneering Sustainable Well-being GRI Content Index 3 4 6 12 14 17 27 40 45 50 58 Contents 3 Esquel Group (‚ÄúEsquel‚Äù or the ‚ÄúGroup‚Äù or ‚Äúwe‚Äù or ‚Äúour‚Äù or ‚Äúus‚Äù) proudly presents our Sustainability Report 2024 (the ‚ÄúReport‚Äù), which provides an overview of Esquel‚Äôs sustainability strategy, impacts and performance during 1st January to 31st December 2024 (the ‚ÄúReporting Period‚Äù). This report is prepared with reference to the Global Reporting Initiative (‚ÄúGRI‚Äù) Standards to provide readers with information and data that are comparable across future sustainability reports.",not stated,not stated,GRI,yes,3,3,
CN026,Fosun 2024.pdf,rds Index 183 ESG Reporting Guide Index 189 Readers Feedback Form 192 Assurance Statement 193 About This Report 003 004,not stated,2024,Transportation & Logistics,"001 002 Content About This Report 003 Chairman's Statement 005 Board Statement 007 An Introduction to Fosun 009 2024 Key Performance Highlights 013 Campaign: Create a Sustainable Impact 015 Responsible Operation 4.1 Lean Industrial Space 083 4.2 Upgraded Customer 089 Experience 4.3 Enhanced Responsible 096 Investment 4.4 Responsible Supply Chain 101 Management Approach to Sustainability Work 1.1 Stakeholder Engagement 031 1.2 Materiality Assessment 038 1.3 Goals and Performance 041 Advanced Governance 2.1 Corporate Governance 047 2.2 ESG Governance 049 2.3 Risk Management 052 2.4 Business Ethics 060 Technology Innovation-Driven 3.1 Sustainable Innovation 067 3.2 Exploration of Clean 075 Technology 3.3 Protection of Intellectual 079 Property People and Partner Oriented 5.1 Talent Development 113 Strategy 5.2 A Diverse and Equal 124 Working Environment 5.3 Employee Satisfaction 131 Ecosystem 5.4 Safeguarding Safety and 134 Health Green Development 6.1 Enhancing Management 139 Systems 6.2 Environmental Compliance 143 and Clean Production 6.3 Climate Change and 146 Energy 6.4 Water Resource and 147 Material Management 6.5 Biodiversity and Animal 150 Welfare Business for Good 7.1 Philanthropy for A 155 Better Life 7.2 Health Care 159 7.3 Community 166 Co-development 7.4 Care for Children 168 and Youth 7.5 Emergency Relief 172 7.6 Culture & Art 173 Key Performance 175 Indicators Glossary 181 GRI Standards Index 183 ESG Reporting Guide Index 189 Readers Feedback Form 192 Assurance Statement 193 About This Report 003 004 ENVIRONMENTAL, SOCIAL AND GOVERNANCE REPORT 2024 ENVIRONMENTAL, SOCIAL AND GOVERNANCE REPORT 2024 Reporting Period The Report is the ninth annual ESG Report released by the Company. In accordance with the relevant definition regarding the significant member company in the Listing Rules and the principle of above 2/3 accumulated equity attributable to owners of the parent of the Group, we selected 6 subsidiaries besides the Company to be included in the reporting scope as principal ESG KPIs in this Report in all ESG aspects; part of the description is beyond the above-stated reporting scope.",not stated,"3,000 employees (p20)",GRI,yes,3,3,
CN027,Foxconn Industrial Internet 2024.pdf,Foxconn Industrial Internet,not stated,2024,Manufacturing & Electronics,"Promoting Circular Growth with Low-Carbon and Green Practices Addressing climate change 083 Key quantitative performance indicators 180 001 003 Message from the Chairman of the Sustainable Development Committee 005 About Fii Sustainable development management 015 Fii‚Äôs response to UN SDGs 024 Risk and opportunity management 035 Business ethics 041 Information security management 049 Tax strategy 057 079 Excellent service Green-Eco products 066 Product quality and safety 074 Innovation management 076 Digital and intelligent transformation 078 094 Environmental management system Energy management 098 Water resources management 105 Waste and pollutant management 110 Ensuring chemical safety 114 Ecosystems and biodiversity 119 Controversial sourcing 130 Green supply chain 133 Ethical procurement 135 Inclusion, equity and diversity 148 Employee training and development 151 Talent attraction and retention 157 Occupational health and safety 165 Advancing together with the industry 175 Contribution to rural revitalization 176 Participation in community co- construction 177 185 GRI Content Index 192 Shanghai Stock Exchange‚Äôs Sustainability Report Guidelines 193 ISO 14064 Carbon Emissions Verification Statement Independent Third-Party Assurance Statement Reader Feedback 195 194 Building a Responsible Supply Chain for Shared Prosperity Creating Shared Value and Fostering a Harmonious Society Promoting Circular Growth with Low-Carbon and Green Practices Innovating Through Technology to Advance a Green Future Upholding Integrity to Drive Sound and Sustainable Operations Foreword Contents 002 About this Report This report is the 2024 Sustainability Report (hereinafter referred to as ‚Äúthis Report‚Äù or ‚ÄúSustainability Report‚Äù), issued by Foxconn Industrial Internet Co., Ltd. The financial information in this Report is calculated in RMB.",not stated,"148
Employee (p2)",GRI; SASB; TCFD; SDGs,yes,3,3,
CN028,GCL 2024.pdf,GCL,not stated,2024,Energy & Utilities,"The Board of Directors of GCL Technology guarantees that this report does not contain any false records, misleading statements, or significant omissions. Data Sources This report is the 12th Environmental, Social, and Governance (ESG) Report published by GCL Technology Holdings Limited (hereinafter referred to as ""GCL Technology"", ""the Group"", or ""we""), formerly named as GCL-Poly Energy Holdings Limited.",not stated,205 employees (p27),GRI,yes,3,3,
CN029,GDS 2024.pdf,"and cooperation, happy reading! Giovanni Cariolato President & CEO Global Display Solutions Letter to Stakeholders 7 6 _",not stated,2024,Technology & Internet,"Today, in a global context marked by strong changes, our commitment to a sustainable growth model is strengthened, with the strategic integration of environmental, social and governance factors. Sustainability is no longer just a responsibility but is a guiding criterion in our industrial and commercial decisions, in the design of products, in the selection of suppliers and in the management of our people.",not stated,not stated,not stated,yes,3,3,
CN030,GEM Co..pdf,GEM Co.,not stated,2024,Renewables & Clean Tech,"WeChat Official Account Eco Recycling Digital Platform 100% printed with recycled paper V202504 CONTENTS 01 About GEM 02 Sustainable Development Governance 03 Governance Corporate Governance Anti-Corruption and Anti-Bribery Anti-unfair Competition Due Diligence Tax Transparency Compliance Management Internal Control and Risk Management 04 Environment Environmental Management Pollutant Emissions Waste Management Water Resource Utilization Energy Utilization Circular Economy Addressing Climate Change Biodiversity Protection 05 Social About the Report  03 Chairman‚Äôs Message Annual ESG Highlights  05  07 Corporate Overview Corporate Business Honors and Recognition 11 15 16 Sustainable Development Goals Sustainable Development Governance Structure Sustainable Development Management Measures Dual Materiality Analysis Stakeholder Communication 19 20 21 21 25 33 37 40 40 44 45 46 49 54 57 58 59 62 66 71 75 88 94 99 102 104 109 Employees Innovation-Driven Development Supply Chain Management Product and Service Quality Data Security and Customer Privacy Protection Safety Management Rural Revitalization and Community Support Outlook Appendices 114 115 Key Performance Tables Third-Party Assurance Report GHG Verification Report Benchmark Index Table Company Name and Abbreviation Reference Reader Feedback Form 115 123 127 129 137 138 The Report is designed to objectively and fairly illustrate the environmental, social and governance (ESG) performance of GEM Co., Ltd. For corporate governance, it is recommended that this document be read in conjunction with the 2024 Annual Report of GEM Co., Ltd.",state-owned,"109
Employees (p2)",GRI; ISSB; UNGC; SDGs,yes,3,3,
CN031,Glodon 2024.pdf,Glodon,not stated,2024,Technology & Internet,"Publication This is Glodon‚Äôs sixth public annual report, detailing our sustainability initiatives.",not stated,"1446
employees (p21)",GRI; SDGs,yes,3,3,
CN032,Gree 2024.pdf,Gree,not stated,2024,Manufacturing & Electronics,"1 2024 Environmental, Social, and Governance Report Introduction Compliance Governance, Upholding Integrity and Sincerity Green Development, Leading with Low Carbon Conclusion Innovation- Driven, Quality-Base Development People- Centered Approach, Creating Value for Society 2 2024 Environmental, Social, and Governance Report Introduction Compliance Governance, Upholding Integrity and Sincerity Green Development, Leading with Low Carbon Conclusion Innovation- Driven, Quality-Base Development People- Centered Approach, Creating Value for Society 3 2024 Environmental, Social, and Governance Report Introduction Compliance Governance, Upholding Integrity and Sincerity Green Development, Leading with Low Carbon Conclusion Innovation- Driven, Quality-Base Development People- Centered Approach, Creating Value for Society Overview Introduction This is the second Environmental, Social, and Governance Report published by Gree Electric Appliances Inc. of Zhuhai‚Äù is referred to as ‚ÄúGree Electric‚Äù, ‚ÄúGREE‚Äù, ‚Äúthe Company‚Äù or ‚Äúwe‚Äù in this Report.",not stated,not stated,GRI; SDGs,yes,3,3,
CN033,Guangdong Investment Limited 2024.pdf,Guangdong Investment Limited,not stated,2024,Energy & Utilities,not stated,state-owned,not stated,SDGs,yes,3,3,
CN034,Haier 2024.pdf,"Jan 1 ‚Äì Dec 31, 2024",not stated,2024,Manufacturing & Electronics,"For example, we have partnered with several energy providers and integrated our hOn platform with their 3 Sustainability Report 2024 OPERATIONS PEOPLE RESPONSIBLE DATA SMARTABILITY OUR GROUP systems, giving users full control over their consumption and costs. This reduction is a testament to the success of our ongoing energy efficiency initiatives and our increased reliance on renewable energy sources.",not stated,500 employees (p11),not stated,yes,3,3,
CN035,Hang Seng Bank 2024.pdf,Stock Codes: 11 (HKD counter) and 80011 (RMB counter),not stated,2024,Financial Services,"Our ESG strategy is built on six implementation pillars, designed with reference to the principles of the United Nations‚Äô Sustainable Development Goals (‚ÄòSDGs‚Äô).",not stated,not stated,GRI; SDGs,yes,3,3,
CN036,Hengtong Optic Electric 2024.pdf,Hengtong Optic Electric,not stated,2024,Other / Not classified,"Environmental, Social and 2024 Governance Report 112 Annex Corporate Governance ESG Governance Stakeholder Engagement Risk Management Business Ethics 14 16 19 23 26 34 36 44 50 88 94 98 100 56 59 70 78 80 Sustainable Innovation Supply Chain Management Quality Control Customer Service and Information Protection Appendix I: GRI Standards Index Appendix II: Index of Shanghai Stock Exchange Guidelines 112 117 Environmental Protection and Management Climate Change and Carbon Neutrality Energy Efficiency and Transformation Water-Saving Transformation and Optimization Emission Management and Recycling Talent Attraction and Retention Empowering Growth and Development Promoting Communication and Care Occupational Health and Safety Compliance and Stability: The Foundation for Steady Growth Low-Carbon Development: Illuminating a Green Future 108 111 Social Contribution and Rural Revitalization Promoting Industrial Sustainable Development Global Cooperation: Demonstrating Hengtong's Responsibility Leading Innovation: Creating Leading Quality Caring for Employees: Promoting Inclusive Development Table of Contents About This Report Message from the Executive About Hengtong Optic-Electric 02 04 06 About This Report Overview Data Source and Reliability Assurance Report Language and Format Basis for Preparation This is the third Environmental, Social, and Govern- ance (ESG) Report (hereinafter referred to as the ""Re- port"") published by Jiangsu Hengtong Optic-Electric Co., Ltd. This Report provides a transparent disclosure of the Company's responsibilities to key stakeholders-including shareholders, customers, partners, employees, the environment, and the community-as well as its performance across environmental, social, and governance (ESG) aspects.",not stated,operating revenue of RMB 59.984 (p5),GRI,yes,3,3,
CN037,Hengyi 2024.pdf,Hengyi,not stated,2024,Other / Not classified,1 Climate Change Response Environmental Management Water Resource Utilization Pollutant Emission Reduction R&D and Innovation Respect Patent Achievements Digital Transformation Industry Exchanges and Cooperation Employees' Rights and Interests Occupational Health and Safety Unblocked Growth Channel Warm Care for Employees Rural Vitalization Philanthropy Serve Community Development Contribution to the BRI 24 26 28 28 34 36 37 38 52 54 55 57 60 60 61 62 Striving for Harmony with the Environment by Green Development Leading Innovation- Driven Development with Science and Technology Growing Together with Employees Building a Harmonious Community with a Shared Future,private,197 employees (p12),GRI,yes,3,3,
CN038,Hisense  2024.pdf,Hisense,not stated,2023,Manufacturing & Electronics,"Environmental Social and Governance Report Hisense Group Holding Company Environmental Social and Governance Report Building Green Homes to Share Environmental Responsibility Addressing Climate Change Environmental Stewardship Water Management Resource Management Pollutant Management Green Operations 21 26 28 29 30 32 Optimising Product Experience with Supreme Quality Improving User Experience Product Responsibility Management Product Development and Innovation 35 38 42 Building Inclusive Workplace under the Culture of ""For Good"" Talent development Employee Rights and Benefits Occupational Health and Safety 49 54 61 Collaborating and Empowering to Create Diversified Value Empowering Supply Chain Sustainability Empowering Industry Development Empowering Smart City Operation Empowering Community Development 66 69 71 73 Strengthen the Foundation for Operation Compliance and Soundness Corporate Governance Compliance Operation Strengthening Internal Controls Adherence to Business Ethics Information Security and Privacy Protection Sustainable Development Management 78 79 81 83 86 88 Appendix Index Guide Reader Feedback 94 101 Introduction About this Report Letter to Our Stakeholders Hisense At a Glance 1 2 3 Towards Green, Embracing Green Intelligent Technology Green R&D and Design Green Production and Manufacturing Green Logistics and Transport Green Recovery and Disposal 12 13 14 15 Feature 1 Going Global with Technology and Love Going First Feature 2 2023 Environmental, Social and Governance Report About this Report About this Report This is the second Environmental, Social, and Governance Report (hereinafter ""this report"" or ""ESG Report"") issued by Hisense Group Holding Company (hereinafter ""Hisense Group"") to present an objective, transparent, fair, compliant and comprehensive disclosure of the Company's highlights and performance in the environmental, social, and gover- nance fields to stakeholders. The financial data in this report is consistent with the scope of the consolidated statements of the 2023 financial report, and the statistical scope of data related to environmental, social and governance issues covers Hisense Group headquarters and related subsidiaries.",not stated,"100,000 employees (p4)",GRI; SASB; ISSB; SDGs,yes,3,3,
CN039,Honor 2024.pdf,Honor,not stated,2024,Technology & Internet,"Privacy and Security Establish a sound privacy protection system Protect personal information during the whole lifecycle Integrate privacy protection into product development Provide users with a comprehensive privacy protection experience Build a privacy and security ecosystem with partners Trustworthy and responsible AI governance 68 82 86 Bridge the digital divide by technology and create a better future Technology leads a healthier life HONOR Magic Moments discovers love and beauty in life HONOR Talents HONOR Talents Global Design Awards HONOR Talents Voice Maker Original Music Awards Youth empowerment campaign now in motion 93 94 101 103 Diversified and fair development opportunities to attract more talents Various training, cultivation of people is cultivation of future Diverse care, living a colorful life at HONOR Open communication, actively listening to the voices of employees Corporate philanthropy, opening a window to the soul Employee health and safety, safeguarding employees at all times Supplier CSR management Protect the legitimate rights of workers Strictly manage health and safety in the workplace Build a green and sustainable supply chain Responsible raw material management 115 118 120 126 126 129 135 139 139 140 141 Compliance management system construction Best practices of HONOR compliance management Compliance capability building 142 144 145 148 113 05.",not stated,"2024, employees (p5)",not stated,yes,3,3,
CN040,ICBC 2024.pdf,nment Social 93 106 115 122 133 65 80 89 38 41 44 50 56 1 1 21 27 02 03 Industrial and Commercial Bank of China Limited,not stated,2024,Financial Services,"CONTENTS Chairman's Statement About Us Strategic Objective, Positionings, Significance Corporate Culture Honors and Awards 02 04 06 07 08 140 140 149 150 156 166 Appendix Sustainable Development Performance Instructions Independent Assurance Report Contrast with Index Readers' Feedback 92 Inclusive Finance Consumer Protection Privacy and Data Security Human Capital Development Social Contribution 64 Green Finance Response to Climate Change Green Operation 36 Technology Finance Pension Finance Digital Finance Serving the Real Economy and Livelihood Global Financial Services Corporate Governance Sustainable Development Management Risk and Internal Control Management Governance 10 Development Environment Social 93 106 115 122 133 65 80 89 38 41 44 50 56 1 1 21 27 02 03 Industrial and Commercial Bank of China Limited Sustainability Report 2024 Chairman's Statement Chairman's Statement This is the first sustainability report released by ICBC. Following the principle of pursuing profits with righteousness, we fulfilled our social responsibilities, firmly blazed a trail for financial development with Chinese characteristics, and provided high-quality financial services to boost the sustainable devel- opment of the economy, environment and society.",state-owned,not stated,GRI,yes,3,3,
CN041,iFlyTEK 2024.pdf,iFlyTEK,not stated,2024,Technology & Internet,"(the ""Company"" or ‚ÄúiFLYTEK‚Äù) collectively guarantee the truthfulness, accuracy, and completeness of the information in this Annual Report, affirming the absence of any false records, misleading statements, or significant omissions, and accept full joint and severable legal accountability for its contents. The Company's profit distribution plan approved by the current Board of Directors is as follows: Based on the total number of shares (excluding repurchased shares in dedicated accounts) on the record date when the distribution was implemented, a cash dividend of 1 RMB yuan per 10 shares (tax-inclusive) will be distributed to all shareholders.",state-owned,not stated,not stated,yes,3,3,
CN042,Inovance 2024.pdf,Inovance,not stated,2024,Construction & Infrastructure,not stated,not stated,not stated,not stated,yes,3,3,
CN043,JA Solar 2024.pdf,JA SOLAR SUSTAINABILITY AND,not stated,2024,Renewables & Clean Tech,"www.jasolar.com ABOUT THIS REPORT Reporting Period Reporting Boundary Report Release Reliability Assurance Report Statement Report Access References Report Principles This is an annual report covering the period from January 1, 2024, to December 31, 2024 (hereinafter referred to as the ""reporting period""). and its subsidiary production sites, which is consistent with the scope of the disclosure in the JA Solar Technology Co., Ltd.",state-owned,"30,000 employees (p5)",GRI; ISSB; UNGC; SDGs,yes,3,3,
CN044,Jinko Solar 2024.pdf,Jinko Solar,not stated,2024,Renewables & Clean Tech,"(referred to as ""Jinko Solar"", ""the Company"", or ""we"") and all its subsidiaries, which is generally consistent with the scope of the consolidated financial statements for the same period. Unless otherwise specified, the data in this report is based on this period.",not stated,"10,000 employees (p20)",GRI; ISSB; UNGC; SDGs,yes,3,3,
CN045,Kweichow Moutai Co 2024.pdf,Kweichow Moutai Co,not stated,2024,Consumer Goods,"is referred to as ""Kweichow Moutai"", ""Moutai"", the ""Company"", ""we"", or ""us"", while our controlling shareholder, China Kweichow Moutai (Group) Co., Ltd., is referred to as ""Moutai Group"" in this Report. The bookkeeping base currency for all monetary amounts involved is RMB.",state-owned,total revenue of RMB 174.144 (p5),GRI; SDGs,yes,3,3,
CN046,Lenovo 2024.pdf,Lenovo,not stated,2023,Other / Not classified,not stated,not stated,"2023, employees (p9)",GRI; SDGs,yes,3,3,
CN047,LINGYI iTECH (GUANGDONG) COMPANY 2024.pdf,LINGYI iTECH (GUANGDONG) COMPANY,not stated,2024,Other / Not classified,not stated,not stated,"70,319 employees (p14)",not stated,yes,3,3,
CN048,LONGI 2024.pdf,LONGI,not stated,2024,Renewables & Clean Tech,"2024 Sustainability Report About This Report Message from the Chairman Message from the Chief Sustainability Officer About LONGi Honors and Ratings Sustainable Development Goals and Progress Tracking LONGi's Partnership with UNHCR: A Dedicated Topic Sustainability Management 1 2 4 6 7 10 15 19 Front Matter ESG Performance Summary ESG-Related Certifications Index of Indicators Designation References in the Report Third Party Assurance Report Suggestions and Feedback 164 171 172 182 183 185 Appendix Governance 01 Value Chain 02 Environmental 03 Social 04 CONTENTS Corporate Governance Risk Management Business Ethics Data Security and Privacy Protection 33 36 41 48 Innovation-driven Development and Smart Manufacturing Product Quality Management Customer Relationship Management Sustainable Supply Chain 54 62 66 69 Climate Change and Clean Technology R&D Water and Effluents Pollution Waste Resource Use and Circular Economy Biodiversity and Ecosystems 93 112 121 125 128 131 Human Rights Occupational Health and Safety Human Capital Development Community Engagement 137 143 149 160 About This Report This is LONGi‚Äôs eighth Sustainability/Corporate Social Responsibility (CSR) Report, with the inaugural edition published in March 2018 and the previous one published in April 2024. All of these are rigorously verified to ensure absence of false entries, misleading representations or material omissions.",not stated,not stated,GRI; ISSB; SDGs,yes,3,3,
CN049,LUXSHAREICT 2024.pdf,LUXSHAREICT,not stated,2024,Telecom & ICT,"This report is the sixth consecutive sustainability report released by the Company. The Reporting Period is from January 1, 2024 to December 31, 2024.",not stated,not stated,GRI,yes,3,3,
CN050,Meituan 2024.pdf,Meituan,not stated,2024,Technology & Internet,"05 Corporate Social Responsibility Philosophy of Meituan 06 Meituan Over the Years 09 Facts and Figures 04 Message from the Senior Management 70 About This Report 71 About Us 34 Technology Empowering Life 37 Unleashing Market Potential 44 Supporting Merchant Development 49 Exploring International Markets 50 [Special Feature] Green Mountain Initiative: Better Life, Better Nature Creating a Better Industry 32 02 14 Enhancing Customer Experience 20 Safeguarding Couriers' Rights and Interests 28 Expanding Employment Channels 30 [Special Feature] Daishubaobei Courier Kids Support Project: Love is Nurtured here Creating a Better Life 12 01 Contents 56 Promoting Green Consumption 59 Serving Rural Revitalization 61 Supporting Social Charity 66 [Special Feature] Meituan Playgrounds for Rural Children: Love is visible there Creating a Better Society 54 03 Meituan 2024 Corporate Social Responsibility Report 04 05 Corporate Social Responsibility Philosophy of Meituan We are committed to sharing our social responsibility philosophy across the whole ecosystem to promote the development and progress of all stakeholders, so that we can create value for users, the industry, and society. Meitu- an drones now operate regularly in cities such as Beijing and Shenzhen, providing users with the convenience of ultra-fast delivery while serving as a new channel for transporting emergency supplies such as disaster relief and medical materials.",state-owned,"10,000 employees (p15)",not stated,yes,3,3,
CN051,Mengniu Dairy 2024.pdf,Mengniu Dairy,not stated,2024,Consumer Goods,"This report is available in simpliÔ¨Åed Chinese, traditional Chinese, and English. Website: www.mengniu.com.cn Investor relations website: www.mengniuir.com Unless otherwise speciÔ¨Åed, the disclosure scope of this report is consistent with the scope of the 2024 annual report of China Mengniu Dairy Company Limited, including China Mengniu Dairy Company Limited and its subsidiaries.",not stated,revenue of RMB 88.67 (p7),GRI,yes,3,3,
CN052,Midea 2024.pdf,Midea,not stated,2024,Manufacturing & Electronics,not stated,not stated,not stated,not stated,no,0,0,Text extraction limited / likely image-based
CN053,Nanjing Steel 2024.pdf,"treet, Jiangbei New District, Nanjing, Jiangsu Province, China Postal Code: 210035 01 02 Nanjing Iron & Steel Co., Ltd.",not stated,2024,Telecom & ICT,"The Company's Board of Directors guarantees the accuracy of the content within this Report, confirming there are no false records, misleading statements, or significant omissions. Reliability Assurance This Report is published in both Simplified Chinese and English.",state-owned,"4,240 
employee (p7)",GRI; SDGs,yes,3,3,
CN054,PICC 2024.pdf,PICC,not stated,2024,Financial Services,"SUSTAINABILITY REPORT 3 2 1 CONTENTS Report Preparation Notes Message from the Company Leadership Statement from the Board of Directors Promoting sustainable development management Key Figures in 2024 Contributions to SDGs About Us ESG Performance External Assurance Index Reader Feedback Promoting green and harmonious development Actively tackling climate change Practicing Green and Low-Carbon operations Setting the benchmark in insurance protection Cultivating Fertile Ground for Talent Development Multi-party cooperation and win-win situation Warmth Gives Back to the Community Improving corporate governance Implementing risk-based internal controls Building Integrity and Compliance 02 04 05 06 08 10 14 94 100 103 112 22 27 34 40 67 72 74 80 86 90 Taking Green as the Brush, Taking Green as the Brush, Pioneering a Beautiful Path Pioneering a Beautiful Path to Carbon Neutrality to Carbon Neutrality Finance for the People, Finance for the People, Warming Hearts with Warming Hearts with Compassion Compassion Strengthening Governance, Strengthening Governance, Driving Innovation Driving Innovation 2024 Sustainability Report This report is the 2024 annual sustainability report of PICC P&C, focusing on disclosing information related to the Company's environmental, social and governance aspects of sustainable development. ‚óé Reporting Period: From January 1, 2024 to December 31,2024, which is consistent with the reporting period of the 2024 Annual Report of PICC P&C.",state-owned,not stated,GRI; SDGs,yes,3,3,
CN055,PING AN 2024.pdf,PING AN,not stated,2024,Financial Services,"PING AN SUSTAINABILITY REPORT 2024 1 SUSTAINABLE DEVELOPMENT STRATEGY MANAGEMENT CLIMATE CHANGE AND CARBON NEUTRALITY SUSTAINABLE OPERATIONS AND COMMUNITY SUSTAINABLE BUSINESS SUSTAINABLE GOVERNANCE 2 4 5 3 Strategic Planning Management System Materiality Assessment Stakeholder Engagement About this report About Ping An Awards and Recognition Featured Story 2: The ""Worry-free, Time-saving and Money-saving"" Project Pioneers a New Paradigm in Financial Services Featured Story 1: Thirty Years of Public Welfare Education, Lighting Up the New Journey with Love Governance Strategy Impact, Risk and Opportunity Management Metrics and Targets Corporate Governance Business Code of Conduct Information Security and AI Governance Annual Key Performance Statement of the Board of Directors Independent Third-Party Assurance Report Indicator Index Supporting the Real Economy Sustainable Insurance Responsible Banking Responsible Investment Responsible Products Rural Revitalization and Community Impact Consumer Protection and Experience Development and Welfare of Employees and Agents Technological Innovation Sustainable Supply Chains 20 23 25 28 02 03 04 110 110 133 134 31 37 48 54 65 142 150 155 160 175 176 179 72 83 89 104 107 08 15 APPENDIX OPENING FEATURED STORIES About this Report Reporting scope: The reporting entity is Ping An Insurance (Group) Company of China, Ltd. Reporting cycle: The Report is published annually.",not stated,"103,610 employees (p8)",GRI; SASB,yes,3,3,
CN056,Power Construction Corporation of China 2024.pdf,Power Construction Corporation of China,not stated,2030,Construction & Infrastructure,"(SEHK) UN 2030 Agenda for Sustainable Development GRI Sustainable Development Reporting Standards (GRI Standards) released by Global Sustainability Standards Board (GSSB) Ten Principles of the United Nations Global Compact Guidelines on Social Responsibilities (ISO 26000) released by International Organization for Standardization (ISO) ‚Ä¢ ‚Ä¢ ‚Ä¢ ‚Ä¢ ‚Ä¢ ‚Ä¢ Report acquisition The report is issued in both Chinese and English as PDF versions. The same statistical methodologies have been applied, and a three-year comparative analysis of key quantitative ESG indicators is included to illustrate performance trends.",state-owned,not stated,GRI; UNGC,yes,3,3,
CN057,Sany 2024.pdf,Sany,not stated,2024,Construction & Infrastructure,"CONTENTS Optimizing Operations to Shape First-Class Governance Driving Technological Innovation to Deliver First-Class Products Low-Carbon Development and First- Class Operations Giving Back to Society to Make First-Class Contributions Developing a People- Centered Culture to Foster First-Class Talent About This Report Message from the Chairman About SANY Heavy Industry Sustainability Management Feature: Advancing Three Core Strategies to Foster High- Quality, Development at SANY Heavy Industry Quantitative Performance Table Shanghai Stock Exchange Guidelines Index GRI Index Corporate Governance Risk Control Business Ethics Innovation-Driven Development Superior Quality Sustainable Supply Chain Environmental Management Ecological Protection Low-Carbon Development Green Industrial Parks Philanthropy Rural Revitalization Social Rescue Compliant Employment Talent Development Employee Benefits Health and Safety 01 03 05 09 11 101 105 106 25 26 29 39 43 45 51 54 59 63 87 90 97 67 69 74 78 01 02 03 05 04 About This Report This is the 2024 Sustainable Development (ESG) Report (hereinafter referred to as ""this Report"") released by SANY Heavy Industry Co., Ltd. This Report provides a truthful account of SANY Heavy Industry‚Äôs efforts to fulfill the economic, social, and environmental responsibilities and to advance sustainable development.",not stated,"2,178 employees (p6)",GRI,yes,3,3,
CN058,SF Holding.pdf,SF Holding,not stated,2024,Financial Services,"Sustainability Report 2024 SF Holding Sustainability Management 8 Declaration from the Board of Directors ESG Governance ESG Policy Statement Stakeholder Engagement Materiality Assessment 10 11 11 12 13 About SF 2 SF Culture Awards for Sustainable Development ESG Ratings Performance Annual Progress on UN Sustainable Development Goals (UNSDGs) 3 4 5 6 Governance Fortifying Sustainable Governance for Long- Term Resilience 18 Environment Pioneering Low-Carbon Logistics to Power a Green Transformation 34 Creating Green Logistics Promoting Circular Economy Practice Green Operation Safeguarding Ecological Environments Addressing Climate Change Standardize Corporate Governance Strengthen Risk Control Management Abiding by Business Ethics Ensuring Information Security 36 50 54 60 63 20 22 25 30 Social Fostering a Responsible Logistics Ecosystem through Mutual Benefit and Symbiosis 74 Construction of Talent Team Protecting Employees‚Äô Rights and Interests Stand Firm on the Frontline of Safety Stable and Safe Production Building a Responsibility Value Chain Sustaining Commitments to Social Wellbeing 76 87 98 101 107 112 Services Empowering New-Quality Productivity Through Digital Intelligence 122 Pioneering Intelligent Logistics Innovation Empowering Enterprises Expanding Overseas Delivering Premium Services Securing Safety Delivery Driving Industry Synergy and Shared Progress 124 132 134 137 140 Appendices 142 About the Report Assurance Statement Policy List Key Performance Indicators Sustainability Report Content Index 142 145 147 152 165 CONTENTS 01 04 05 03 02 About SF Appendices Sustainability Management Governance Environment Social Services SF Holding 2024 Sustainability Report 3 2 About SF Focusing on its logistics ecosystem, SF has continually enhanced its portfolio of product and service capabilities, and has expanded to cover time-definite express, economy express, freight, cold chain and pharmaceutical logistics, intra-city on-demand delivery, international express, international cargo and freight forwarding, and supply chain, to provide customers with domestic and international end-to-end one-stop integrated logistics services. Meanwhile, leveraging its leading technology and research and development capabilities, the Company is committed in building a digitalized supply chain ecosystem, empowering clients with technology to create secure and efficient digital supply chain systems.",state-owned,274 employees (p16),GRI; SDGs,yes,3,3,
CN059,Shenzhen International Holding Limited.pdf,Shenzhen International Holding Limited,not stated,2024,Financial Services,"CONTENTS Promoting Robust Growth with Responsible Governance Embracing Green Sustainability for Harmonious Coexistence Pooling United Efforts for Mutual Benefits and Common Prosperity 01 03 05 Corporate Governance Sustainable Development Management Compliant Operation Environmental Management Building Green Logistics Parks Building Green Ports Eco-Environmental Protection Tackling Climate Change Green Awakening 50 51 55 59 62 65 Supply Chain Management and Development Industry Exchange and Collaboration Community Building 20 22 26 82 84 86 About this Report About Shenzhen International Key Performance Highlights for 2024 Corporate Honors Key Events in 2024 Chairman's Statement Board Statement 02 04 06 08 10 14 16 Index of HKEX ESG Indicators List of ESG Policies and Regulations ESG Performance Indicators 90 93 95 Putting Talent First to Build Team Cohesion 04 Protecting Employee's Rights and Interests Employee Training and Development Employees' Health and Safety Care for Employees 68 71 73 78 Forging A High-Quality Development Path with Green Empowerment 46 Pursuing Unremitting Refinement for Supreme Excellence 02 Distinctive Craftsmanship High-Quality Services 38 41 Responsibility Spotlight Responsibility Spotlight Exploring Innovative Logistics Models Building a New Landscape of Integrated Multimodal Transportation 34 Sources of Information Reporting Principles Confirmation and Approval Report Access Unless otherwise specified, the financial data cited in this Report is sourced from audited financial statements included in the 2024 Annual Report. Unless stated otherwise, the reporting currency used in this Report is Renminbi (RMB).",state-owned,"473,000
Employee (p5)",SDGs,yes,3,3,
CN060,Sungrow 2024.pdf,Sungrow,not stated,2024,Renewables & Clean Tech,"About This Report This report is the tenth sustainability report publicly disclosed by Sungrow Power Supply Co., Ltd., with the aim of engaging in transparent communication with stakeholders regarding the Company‚Äôs sustainability philosophy, specific actions, and performance. Reporting Period This is an annual report covering the period from January 1, 2024, to December 31, 2024.",not stated,"1,900 employees (p3)",GRI; UNGC,yes,3,3,
CN061,Sunny Optical Technology 2024.pdf,Sunny Optical Technology,Áí∞Â¢É,2024,Manufacturing & Electronics,"About the Report Chairman's Statement About the Group 02 04 06 100 102 104 107 111 Appendix I: Independent Practitioner's Limited Assurance Report Appendix II: Responsibility KPIs Appendix III: Environmental, Social and Governance Reporting Guide Comparison Table Appendix IV: GRI Index Reader Feedback Form CONTENT Corporate Governance Risk Management Business Ethics ESG Governance 15 18 23 26 Environmental Management Principles and Policies Respond to Climate Change Resource Utilization and Energy Management Emission Management Green Ecology and Biodiversity 35 38 40 45 48 51 52 53 54 57 59 61 R&D Innovation Clean Technologies & Green Products Protection of Intellectual Property Rights Quality Control Management of Hazardous Substances Information Security Management Customer Rights and Interests Protection 03 Product Liability 63 66 67 Supply Chain Management Conflict Minerals Management Suppliers Training and Communication 04 Sustainable Supply Chain Management 69 69 78 83 88 Employer Brand Value Labor Rights Development and Training of Employees Employee Care Occupational Health and Safety 05 Creating Together with Employees 98 99 Support for Education Public Welfare and Voluntary Services 01 Sustainability Governance 02 Low-Carbon Green Operation 06 Community Welfare About the Report This report is the 2024 Environmental, Social and Governance (""ESG"") Report issued by Sunny Optical Technology (Group) Company Limited (the ""Company""or""Sunny Optical Technology"") , which mainly summarizes the ESG work methods, commitments and strategies of the Company and its subsidiaries (the""Group"") . Reporting Frequency This report is an annual report.",not stated,revenue of approximately RMB 1.8 (p29),GRI,yes,3,3,
CN062,Sunwoda 2024.pdf,Sunwoda,not stated,2024,Renewables & Clean Tech,"2024 About This Report Report Description This report is the fifth ESG report issued by Sunwoda Electronic Co., Ltd. The reporting period is from January 1, 2024, to December 31, 2024 (hereinafter referred to as ""this year"" or ""the reporting period"").",not stated,not stated,GRI; ISSB; UNGC; SDGs,yes,3,3,
CN063,Taishin Holding 2024.pdf,Taishin Holding,not stated,2024,Financial Services,"The Corporate Sustainability OÔ¨Éce is responsible for the preparation of this report and the coordination and integration of the applicable targets. Reporting Principle The information contained in this report is disclosed in accordance with the to the latest Global Report- ing Initiative (GRI) Standards 2021, the Sustainability Accounting Standard for Commercial Banks, and the Sustainability Disclosure Indicators - Financial and Insurance Industry and Climate-Related Information of TWSE/TPEx Listed Company provided in Taiwan Stock Exchange Corporation Rules Governing the Prepara- tion and Filing of Sustainability Reports by TWSE Listed Companies.",not stated,not stated,GRI; SASB; TCFD,yes,3,3,
CN064,TCL Technology Group 2024.pdf,TCL Technology Group,not stated,2024,Manufacturing & Electronics,"01 02 Sustainable Operation Scientific Governance Green Development Shared Value Innovation for Progress Appendix About the Report TCL Technology Group Corporation's 2024 Environmental, Social and Governance Report (hereinafter referred to as the ""Report"") is an annual report covering the period from January 1, 2024 to December 31, 2024 (hereinafter referred to as the ""reporting period""). This Report is published annually in conjunction with the annual report of TCL Technology Group Corporation.",not stated,"4,387 employee (p15)",GRI; SASB; TCFD; UNGC; SDGs,yes,3,3,
CN065,Tencent 2024.pdf,Tencent,not stated,2024,Technology & Internet,"Business Ethics Appendix Overview Corporate Governance ESG Governance Chapter 1 Environmental Protection Chapter 2 Caring for Our People Chapter 3 Safeguarding Digital Rights Chapter 4 Digital Inclusion Chapter 5 Digital Technologies Supporting Sustainable Development Goals Chapter 6 Business Ethics Appendix 97 02 About Tencent Tencent is a leading global internet technology company dedicated to creating innovative products and services to enrich the lives of people. We provide enterprise services, including marketing, cloud services and computing, and FinTech services, to support the digital upgrade and business expansion of our partners.",not stated,300 employees (p29),GRI; SDGs,yes,3,3,
CN066,TPV 2024.pdf,TPV,not stated,2024,Manufacturing & Electronics,"While the market environment is constantly evolving, TPV's steadfast commitment to global society remains unchanged. Synergy as the Key: Forging Partnerships for Sustainability As the world's leading intelligent manufacturer of monitors and LCD TVs, TPV fully understands the truth that ""Many hands make light work"".",state-owned,300 employees (p14),UNGC,yes,3,3,
CN067,Vanke 2024.pdf,Vanke,not stated,2024,Other / Not classified,"Vanke never wavered, which is evidenced by our proactive adjustment on strategies to optimize resource allocation and enhance operational efficiency through ‚Äústreamlining procedures‚Äù and focusing on principal businesses. Although the road ahead remains arduous, Vanke is committed to forging ahead with unwavering determination, collaborating with all stakeholders to collectively advance toward a sustainable future.",state-owned,not stated,GRI; SASB; TCFD; ISSB,yes,3,3,
CN068,WuXi AppTec.pdf,WuXi AppTec,not stated,2024,Healthcare & Pharma,"2024 Environmental, Social and Governance Report About WuXi AppTec Our Governance Supporting Our Customers Quality of Product and Service Sustainable Supply Chain ESG Strategy and Management ESG Governance ESG Management Materiality Assessment Protecting Our Planet Climate Change Emissions Management Resources Management Being A Responsible Citizen Ethics and Compliance Anti-Corruption and Bribery Information Security and Protection Empowering Our Community Our Employees Our Workplace Our Community Contents 09 38 42 16 18 20 49 60 65 25 29 32 70 76 79 About This Report 03 2024 ESG Highlight Performance 05 2024 ESG Rating Performance 06 Performance Table Appendix 82 89 Message from the Chairman and CEO 04 03 About WuXi AppTec ESG Strategy and Management Supporting Our Customers Being A Responsible Citizen Empowering Our Community Performance Table Protecting Our Planet About This Report Overview This report is the seventh environmental, social and governance (hereinafter referred to as ""ESG"" as appropriate) report issued by WuXi AppTec Co., Ltd. This report is an annual report covering the work for the financial year from January 1 st, 2024, to December 31 st, 2024 (the ""Reporting Period""), with some associated information that may be retroactive outside of the Reporting Period.",not stated,not stated,GRI; SASB; UNGC; SDGs,yes,2,3,
CN069,XCMG 2024.pdf,XCMG,not stated,2024,Construction & Infrastructure,"Appendix IÔºö Quantitative Performance Sheet Appendix II: Reader Feedback Form About this Report Message from the Chairman About XCMG Machinery Responsibility Management 115 109 01 03 05 11 Corporate Governance Risk Management Business Ethics Interests and Rights of Shareholders and Creditors Technological Innovation Climate Change Responses Pollution Prevention and Treatment Optimization of Resource Usage Product and Customer Responsibility Cooperation for Win-Win Outcomes Labor Administration Occupational Safety and Health Community Relations 19 23 27 30 32 45 57 65 73 81 88 97 103 CONTENTS Comprehensive Governance for Quality and Efficiency: Efficient Management for Development Green and Low-carbon Transformation for Sustainable Development Leading with Responsibility for Integrity, Fostering Harmony through Public Welfare XCMG Construction Machinery Co., Ltd. 2024 Environmental, Social and Governance (ESG) Report 01 02 About this Report About this Report To better address your and other stakeholders‚Äô needs, and to enhance the value of our ESG information provided for you, we seek your valuable feedback on this Report.",state-owned,"735 
Employee (p16)",GRI,yes,3,3,
CN070,Xiaomi 2024.pdf,Xiaomi,not stated,2024,Technology & Internet,"01 Chairman's Address Board Statement Tech for Practicality and AI for Good Supply Chain for Green Growth and Ecosystem for Synergy Talents for Excellence and Partnerships for Prosperity Governance for Stability and Compliance for Rigorousness Appendix About This Report This is the seventh environmental, social, and governance (ESG) report published by Xiaomi Corporation (""the Group,"" or ‚Äúwe/us‚Äù), with an aim to present, on an objective and impartial basis, the ESG strategy, management, and implementation progress of Xiaomi Corporation and its subsidiaries included in the Annual Report in 2024. The Group undertakes that there are no false records or misleading statements in this Report, and takes responsibility for the authenticity, accuracy, and completeness of the information in this Report.",not stated,"21,190 employees (p7)",GRI; SASB; TCFD; ISSB; SDGs,yes,3,3,
CN071,Zhejiang Huayou Cobalt 2024.pdf,"Zhejiang Huayou Cobalt Co., Ltd.",not stated,2024,Renewables & Clean Tech,The monetary unit adopted in the Report is RMB (yuan) unless otherwise specified. The Report is prepared in accordance with the SSE Self- Regulatory Guidelines for Listed Companies No.,not stated,not stated,GRI; SDGs,yes,3,3,
CN072,Zijin 2024.pdf,Zijin,not stated,2024,Mining & Metals,"2024 Providing the materials that improve standards of living in a low carbon future SUSTAINABILITY REPORT SSE: 601899.SH HKEX: 2899.HK )RULGHQWLŒãFDWLRQSXUSRVHRQO\ Zijin Mining Group Co., Ltd.* www.zijinmining.com CONTENT A Message from the Chairman A Message from the Director of the ESG Management Committee 2024 Highlights About Us Sustainable Development Goals and Progress Sustainable Development History of Zijin Mining Materiality Assessment 01 02 03 04 08 11 12 Foreword $PSQPSBUF(PWFSOBODF &4(3JTL.BOBHFNFOU #VTJOFTT&UIJDT )VNBO3JHIUT     Governance &OWJSPONFOUBM.BOBHFNFOU4ZTUFN Óô∑&.4Óô∏ $MJNBUF$IBOHF 8BUFS3FTPVSDF.BOBHFNFOU -BOE6TF #JPEJWFSTJUZ$POTFSWBUJPO 8BTUF.BOBHFNFOU 5BJMJOHT.BOBHFNFOU        Environment &NQMPZFF%FWFMPQNFOU 0DDVQBUJPOBM)FBMUIBOE4BGFUZ $PNNVOJUZ 3FTQPOTJCMF4VQQMZ$IBJO 1SPEVDU3FTQPOTJCJMJUZ *OGPSNBUJPO4FDVSJUZ 5FDIOPMPHJDBM*OOPWBUJPO        Social ""CPVU5IJT3FQPSU 4VTUBJOBCJMJUZ3FQPSU*OEFQFOEFOU 7FSJÓò®DBUJPO4UBUFNFOU ;JKJO.JOJOH&4(1FSGPSNBODF %BUB *OEFYFT ""CCSFWJBUJPOT 3FBEFSÀèT'FFECBDL'PSN       Appendices A Message from the Chairman 1 Governance Foreword Environment Social Appendices Chen Jinghe &KDLUPDQ&KLHI2ŒçFHURIWKH6WUDWHJLFDQG6XVWDLQDEOH 'HYHORSPHQW (6* &RPPLWWHHRI=LMLQ0LQLQJ*URXS &R/WG Mining is an ancient industry that has propelled human civilisation forward and serves as a cornerstone for the VXVWDLQDEOHGHYHORSPHQWRIWKHJOREDOHFRQRP\b:LWKD profound sense of responsibility and mission, Zijin Mining Group closely aligns its own development with the destiny of humanity, deeply integrating international ESG governance principles with its modern operational management system. The Company is committed to EHFRPLQJ Db *UHHQ +LJK7HFK /HDGLQJ *OREDO 0LQLQJ &RPSDQ\ FRQWULEXWLQJ WKHb =LMLQ 3RZHUb WR JOREDO sustainable development.",not stated,281 employees (p26),SDGs,yes,3,3,
CN073,ZTE 2024.pdf,ZTE Corporation,not stated,2024,Technology & Internet,not stated,not stated,"43,763 employees (p17)",GRI,yes,3,3,
