date,campaign_id,campaign_name,asin,sku,impressions,clicks,cost,orders,sales,ctr,cpc,cvr,acos,roas,zero_sales_spend_flag
2020-02-01,Pain Relief Oil || SP || Automatic || 22nd Nov'19,Pain Relief Oil || SP || Automatic || 22nd Nov'19,B079WL1CXC,,24,0,0.0,0,0.0,0.0,,,,,False
2020-02-01,Pain Relief Oil || SP || Automatic || 22nd Nov'19,Pain Relief Oil || SP || Automatic || 22nd Nov'19,B079WN6V3G,,125,0,0.0,0,0.0,0.0,,,,,False
2020-02-01,Pain Relief Oil || SP || Automatic || 22nd Nov'19,Pain Relief Oil || SP || Automatic || 22nd Nov'19,B07B7NSLLP,,771,3,12.606666666666667,0,0.0,0.0038910505836575876,4.202222222222223,0.0,,0.0,True
2020-02-01,Pain Relief Oil || SP || Automatic || 22nd Nov'19,Pain Relief Oil || SP || Automatic || 22nd Nov'19,B07NPHGG79,,40,0,0.0,0,0.0,0.0,,,,,False
2020-02-01,Pain relief Oil || SP || Generic || 22nd Nov'19,Pain relief Oil || SP || Generic || 22nd Nov'19,B079WN6V3G,,1533,3,34.989999999999995,0,0.0,0.0019569471624266144,11.663333333333332,0.0,,0.0,True
2020-02-01,Pain relief Oil || SP || Generic || 22nd Nov'19,Pain relief Oil || SP || Generic || 22nd Nov'19,B07B7NSLLP,,1336,3,37.656666666666666,0,0.0,0.002245508982035928,12.552222222222222,0.0,,0.0,True
2020-02-01,Pain relief Oil || SP || Generic-New || 18th Jan'19,Pain relief Oil || SP || Generic-New || 18th Jan'19,B07B7NSLLP,,782,13,15.513846153846156,3,961.62,0.016624040920716114,1.193372781065089,0.23076923076923078,0.01613303191889328,61.98462911543037,False
2020-02-01,Sunscreen || SP || Generic || 24th Nov'19,Sunscreen || SP || Generic || 24th Nov'19,B07PYFJ8NQ,,3893,18,14.217777777777778,0,0.0,0.0046236835345491905,0.7898765432098765,0.0,,0.0,True
2020-02-02,Pain Relief Oil || SP || Automatic || 22nd Nov'19,Pain Relief Oil || SP || Automatic || 22nd Nov'19,B079WL1CXC,,195,0,0.0,0,0.0,0.0,,,,,False
2020-02-02,Pain Relief Oil || SP || Automatic || 22nd Nov'19,Pain Relief Oil || SP || Automatic || 22nd Nov'19,B079WN6V3G,,733,1,12.76,0,0.0,0.001364256480218281,12.76,0.0,,0.0,True
2020-02-02,Pain Relief Oil || SP || Automatic || 22nd Nov'19,Pain Relief Oil || SP || Automatic || 22nd Nov'19,B07B7NSLLP,,605,0,0.0,0,0.0,0.0,,,,,False
2020-02-02,Pain Relief Oil || SP || Automatic || 22nd Nov'19,Pain Relief Oil || SP || Automatic || 22nd Nov'19,B07NPHGG79,,41,0,0.0,0,0.0,0.0,,,,,False
2020-02-02,Pain relief Oil || SP || Generic || 22nd Nov'19,Pain relief Oil || SP || Generic || 22nd Nov'19,B079WN6V3G,,1104,7,28.321428571428573,0,0.0,0.006340579710144928,4.045918367346939,0.0,,0.0,True
2020-02-02,Pain relief Oil || SP || Generic || 22nd Nov'19,Pain relief Oil || SP || Generic || 22nd Nov'19,B07B7NSLLP,,1588,10,36.41,2,641.08,0.006297229219143577,3.6409999999999996,0.2,0.056794783802333555,17.607250755287012,False
2020-02-02,Pain relief Oil || SP || Generic-New || 18th Jan'19,Pain relief Oil || SP || Generic-New || 18th Jan'19,B07B7NSLLP,,743,9,4.984444444444445,2,1282.16,0.012113055181695828,0.5538271604938272,0.2222222222222222,0.0038875370035287675,257.23227819884085,False
2020-02-02,Sunscreen || SP || Generic || 24th Nov'19,Sunscreen || SP || Generic || 24th Nov'19,B07PYFJ8NQ,,5546,30,17.324,4,1940.7,0.005409304002884962,0.5774666666666667,0.13333333333333333,0.008926675941670532,112.02378203648118,False
2020-02-03,Pain Relief Oil || SP || Automatic || 22nd Nov'19,Pain Relief Oil || SP || Automatic || 22nd Nov'19,B079WL1CXC,,57,0,0.0,0,0.0,0.0,,,,,False
2020-02-03,Pain Relief Oil || SP || Automatic || 22nd Nov'19,Pain Relief Oil || SP || Automatic || 22nd Nov'19,B079WN6V3G,,487,1,3.47,0,0.0,0.002053388090349076,3.47,0.0,,0.0,True
2020-02-03,Pain Relief Oil || SP || Automatic || 22nd Nov'19,Pain Relief Oil || SP || Automatic || 22nd Nov'19,B07B7NSLLP,,1335,4,11.2975,0,0.0,0.00299625468164794,2.824375,0.0,,0.0,True
2020-02-03,Pain Relief Oil || SP || Automatic || 22nd Nov'19,Pain Relief Oil || SP || Automatic || 22nd Nov'19,B07NPHGG79,,52,1,12.38,0,0.0,0.019230769230769232,12.38,0.0,,0.0,True
2020-02-03,Pain relief Oil || SP || Generic || 22nd Nov'19,Pain relief Oil || SP || Generic || 22nd Nov'19,B079WN6V3G,,1008,1,43.27,0,0.0,0.000992063492063492,43.27,0.0,,0.0,True
2020-02-03,Pain relief Oil || SP || Generic || 22nd Nov'19,Pain relief Oil || SP || Generic || 22nd Nov'19,B07B7NSLLP,,1474,4,21.4775,0,0.0,0.0027137042062415195,5.369375,0.0,,0.0,True
2020-02-03,Pain relief Oil || SP || Generic-New || 18th Jan'19,Pain relief Oil || SP || Generic-New || 18th Jan'19,B07B7NSLLP,,759,17,3.168823529411765,3,1226.8,0.022397891963109356,0.186401384083045,0.17647058823529413,0.002582999290358465,387.14683497308334,False
2020-02-03,Sunscreen || SP || Generic || 24th Nov'19,Sunscreen || SP || Generic || 24th Nov'19,B07PYFJ8NQ,,6453,12,19.210000000000004,2,776.28,0.0018596001859600185,1.6008333333333338,0.16666666666666666,0.024746225588705113,40.41020301926079,False
2020-02-04,Pain Relief Oil || SP || Automatic || 22nd Nov'19,Pain Relief Oil || SP || Automatic || 22nd Nov'19,B079WL1CXC,,33,0,0.0,0,0.0,0.0,,,,,False
2020-02-04,Pain Relief Oil || SP || Automatic || 22nd Nov'19,Pain Relief Oil || SP || Automatic || 22nd Nov'19,B079WN6V3G,,87,0,0.0,0,0.0,0.0,,,,,False
2020-02-04,Pain Relief Oil || SP || Automatic || 22nd Nov'19,Pain Relief Oil || SP || Automatic || 22nd Nov'19,B07B7NSLLP,,1183,0,0.0,0,0.0,0.0,,,,,False
2020-02-04,Pain Relief Oil || SP || Automatic || 22nd Nov'19,Pain Relief Oil || SP || Automatic || 22nd Nov'19,B07NPHGG79,,9,0,0.0,0,0.0,0.0,,,,,False
2020-02-04,Pain relief Oil || SP || Generic || 22nd Nov'19,Pain relief Oil || SP || Generic || 22nd Nov'19,B079WN6V3G,,595,5,36.572,0,0.0,0.008403361344537815,7.314400000000001,0.0,,0.0,True
2020-02-04,Pain relief Oil || SP || Generic || 22nd Nov'19,Pain relief Oil || SP || Generic || 22nd Nov'19,B07B7NSLLP,,1257,4,30.7975,1,320.54,0.0031821797931583136,7.699375,0.25,0.0960800524115555,10.407987661336149,False
2020-02-04,Pain relief Oil || SP || Generic-New || 18th Jan'19,Pain relief Oil || SP || Generic-New || 18th Jan'19,B07B7NSLLP,,782,19,4.632631578947369,4,1282.16,0.024296675191815855,0.24382271468144048,0.21052631578947367,0.0036131462367780687,276.76709838673025,False
2020-02-04,Sunscreen || SP || Generic || 24th Nov'19,Sunscreen || SP || Generic || 24th Nov'19,B07PYFJ8NQ,,3650,14,15.805,1,388.14,0.0038356164383561643,1.1289285714285715,0.07142857142857142,0.04071984335549029,24.558051249604556,False
2020-02-05,Pain Relief Oil || SP || Automatic || 22nd Nov'19,Pain Relief Oil || SP || Automatic || 22nd Nov'19,B079WL1CXC,,29,0,0.0,0,0.0,0.0,,,,,False
2020-02-05,Pain Relief Oil || SP || Automatic || 22nd Nov'19,Pain Relief Oil || SP || Automatic || 22nd Nov'19,B079WN6V3G,,152,0,0.0,0,0.0,0.0,,,,,False
2020-02-05,Pain Relief Oil || SP || Automatic || 22nd Nov'19,Pain Relief Oil || SP || Automatic || 22nd Nov'19,B07B7NSLLP,,882,2,7.42,0,0.0,0.0022675736961451248,3.71,0.0,,0.0,True
2020-02-05,Pain relief Oil || SP || Generic || 22nd Nov'19,Pain relief Oil || SP || Generic || 22nd Nov'19,B079WN6V3G,,1360,2,37.38,0,0.0,0.0014705882352941176,18.69,0.0,,0.0,True
2020-02-05,Pain relief Oil || SP || Generic || 22nd Nov'19,Pain relief Oil || SP || Generic || 22nd Nov'19,B07B7NSLLP,,1395,5,36.66,0,0.0,0.0035842293906810036,7.331999999999999,0.0,,0.0,True
2020-02-05,Pain relief Oil || SP || Generic-New || 18th Jan'19,Pain relief Oil || SP || Generic-New || 18th Jan'19,B07B7NSLLP,,604,18,9.747222222222224,6,1923.24,0.029801324503311258,0.5415123456790124,0.3333333333333333,0.00506812577848954,197.31159874608147,False
2020-02-05,Sunscreen || SP || Generic || 24th Nov'19,Sunscreen || SP || Generic || 24th Nov'19,B07PYFJ8NQ,,3044,12,20.583333333333336,1,388.14,0.003942181340341655,1.715277777777778,0.08333333333333333,0.05303069339241855,18.857004048582994,False
2020-02-06,Pain Relief Oil || SP || Automatic || 22nd Nov'19,Pain Relief Oil || SP || Automatic || 22nd Nov'19,B079WL1CXC,,44,0,0.0,0,0.0,0.0,,,,,False
2020-02-06,Pain Relief Oil || SP || Automatic || 22nd Nov'19,Pain Relief Oil || SP || Automatic || 22nd Nov'19,B079WN6V3G,,182,0,0.0,0,0.0,0.0,,,,,False
2020-02-06,Pain Relief Oil || SP || Automatic || 22nd Nov'19,Pain Relief Oil || SP || Automatic || 22nd Nov'19,B07B7NSLLP,,1189,3,6.616666666666667,0,0.0,0.002523128679562658,2.2055555555555557,0.0,,0.0,True
2020-02-06,Pain relief Oil || SP || Generic || 22nd Nov'19,Pain relief Oil || SP || Generic || 22nd Nov'19,B079WN6V3G,,1290,2,24.62,0,0.0,0.0015503875968992248,12.31,0.0,,0.0,True
2020-02-06,Pain relief Oil || SP || Generic || 22nd Nov'19,Pain relief Oil || SP || Generic || 22nd Nov'19,B07B7NSLLP,,1521,2,25.875,0,0.0,0.0013149243918474688,12.9375,0.0,,0.0,True
2020-02-06,Pain relief Oil || SP || Generic-New || 18th Jan'19,Pain relief Oil || SP || Generic-New || 18th Jan'19,B07B7NSLLP,,578,20,7.969499999999999,5,1602.7,0.03460207612456748,0.39847499999999997,0.25,0.004972546328071379,201.104209799862,False
2020-02-06,Sunscreen || SP || Generic || 24th Nov'19,Sunscreen || SP || Generic || 24th Nov'19,B07PYFJ8NQ,,4300,21,12.859523809523813,1,388.14,0.004883720930232558,0.6123582766439911,0.047619047619047616,0.0331311480639043,30.18307720792445,False
2020-02-07,Pain Relief Oil || SP || Automatic || 22nd Nov'19,Pain Relief Oil || SP || Automatic || 22nd Nov'19,B079WL1CXC,,53,0,0.0,0,0.0,0.0,,,,,False
2020-02-07,Pain Relief Oil || SP || Automatic || 22nd Nov'19,Pain Relief Oil || SP || Automatic || 22nd Nov'19,B079WN6V3G,,140,0,0.0,0,0.0,0.0,,,,,False
2020-02-07,Pain Relief Oil || SP || Automatic || 22nd Nov'19,Pain Relief Oil || SP || Automatic || 22nd Nov'19,B07B7NSLLP,,1415,1,10.6,1,320.54,0.0007067137809187279,10.6,1.0,0.033069195732201906,30.23962264150944,False
2020-02-07,Pain relief Oil || SP || Generic || 22nd Nov'19,Pain relief Oil || SP || Generic || 22nd Nov'19,B079WN6V3G,,1212,2,37.915,0,0.0,0.0016501650165016502,18.9575,0.0,,0.0,True
2020-02-07,Pain relief Oil || SP || Generic || 22nd Nov'19,Pain relief Oil || SP || Generic || 22nd Nov'19,B07B7NSLLP,,1545,4,39.63,0,0.0,0.0025889967637540453,9.9075,0.0,,0.0,True
2020-02-07,Pain relief Oil || SP || Generic-New || 18th Jan'19,Pain relief Oil || SP || Generic-New || 18th Jan'19,B07B7NSLLP,,516,15,10.089333333333334,3,961.62,0.029069767441860465,0.6726222222222222,0.2,0.010492016943629848,95.31055900621118,False
2020-02-07,Sunscreen || SP || Generic || 24th Nov'19,Sunscreen || SP || Generic || 24th Nov'19,B07PYFJ8NQ,,4173,11,18.902727272727272,0,0.0,0.0026359932901988976,1.7184297520661156,0.0,,0.0,True
2020-02-08,Pain Relief Oil || SP || Automatic || 22nd Nov'19,Pain Relief Oil || SP || Automatic || 22nd Nov'19,B079WL1CXC,,29,0,0.0,0,0.0,0.0,,,,,False
2020-02-08,Pain Relief Oil || SP || Automatic || 22nd Nov'19,Pain Relief Oil || SP || Automatic || 22nd Nov'19,B079WN6V3G,,103,0,0.0,0,0.0,0.0,,,,,False
2020-02-08,Pain Relief Oil || SP || Automatic || 22nd Nov'19,Pain Relief Oil || SP || Automatic || 22nd Nov'19,B07B7NSLLP,,884,3,10.126666666666669,1,320.54,0.003393665158371041,3.375555555555556,0.3333333333333333,0.03159252095422309,31.653061224489793,False
2020-02-08,Pain relief Oil || SP || Generic || 22nd Nov'19,Pain relief Oil || SP || Generic || 22nd Nov'19,B079WN6V3G,,1103,6,25.013333333333332,0,0.0,0.005439709882139619,4.168888888888889,0.0,,0.0,True
2020-02-08,Pain relief Oil || SP || Generic || 22nd Nov'19,Pain relief Oil || SP || Generic || 22nd Nov'19,B07B7NSLLP,,1906,5,29.058,2,641.08,0.0026232948583420775,5.8116,0.4,0.04532663630124165,22.062082731089546,False
2020-02-08,Pain relief Oil || SP || Generic-New || 18th Jan'19,Pain relief Oil || SP || Generic-New || 18th Jan'19,B07B7NSLLP,,595,17,3.5429411764705883,7,2564.32,0.02857142857142857,0.2084083044982699,0.4117647058823529,0.001381629896608297,723.7828324755105,False
2020-02-08,Sunscreen || SP || Generic || 24th Nov'19,Sunscreen || SP || Generic || 24th Nov'19,B07PYFJ8NQ,,3774,12,17.03333333333333,0,0.0,0.003179650238473768,1.4194444444444443,0.0,,0.0,True
2020-02-09,Pain Relief Oil || SP || Automatic || 22nd Nov'19,Pain Relief Oil || SP || Automatic || 22nd Nov'19,B079WL1CXC,,34,0,0.0,0,0.0,0.0,,,,,False
2020-02-09,Pain Relief Oil || SP || Automatic || 22nd Nov'19,Pain Relief Oil || SP || Automatic || 22nd Nov'19,B079WN6V3G,,252,1,12.37,0,0.0,0.003968253968253968,12.37,0.0,,0.0,True
2020-02-09,Pain Relief Oil || SP || Automatic || 22nd Nov'19,Pain Relief Oil || SP || Automatic || 22nd Nov'19,B07B7NSLLP,,1327,1,8.34,0,0.0,0.0007535795026375283,8.34,0.0,,0.0,True
2020-02-09,Pain relief Oil || SP || Generic || 22nd Nov'19,Pain relief Oil || SP || Generic || 22nd Nov'19,B079WN6V3G,,1413,4,24.42,0,0.0,0.0028308563340410475,6.105,0.0,,0.0,True
2020-02-09,Pain relief Oil || SP || Generic || 22nd Nov'19,Pain relief Oil || SP || Generic || 22nd Nov'19,B07B7NSLLP,,2117,3,29.89333333333333,0,0.0,0.0014170996693434106,9.964444444444444,0.0,,0.0,True
2020-02-09,Pain relief Oil || SP || Generic-New || 18th Jan'19,Pain relief Oil || SP || Generic-New || 18th Jan'19,B07B7NSLLP,,670,22,8.653636363636364,7,2145.56,0.03283582089552239,0.39334710743801654,0.3181818181818182,0.004033276330485451,247.93738838113245,False
2020-02-09,Sunscreen || SP || Generic || 24th Nov'19,Sunscreen || SP || Generic || 24th Nov'19,B07PYFJ8NQ,,4590,23,15.906521739130437,0,0.0,0.005010893246187364,0.6915879017013233,0.0,,0.0,True
2020-02-10,Pain Relief Oil || SP || Automatic || 22nd Nov'19,Pain Relief Oil || SP || Automatic || 22nd Nov'19,B079WL1CXC,,84,0,0.0,0,0.0,0.0,,,,,False
2020-02-10,Pain Relief Oil || SP || Automatic || 22nd Nov'19,Pain Relief Oil || SP || Automatic || 22nd Nov'19,B079WN6V3G,,193,0,0.0,0,0.0,0.0,,,,,False
2020-02-10,Pain Relief Oil || SP || Automatic || 22nd Nov'19,Pain Relief Oil || SP || Automatic || 22nd Nov'19,B07B7NSLLP,,1512,3,9.063333333333334,0,0.0,0.001984126984126984,3.0211111111111113,0.0,,0.0,True
2020-02-10,Pain relief Oil || SP || Generic || 22nd Nov'19,Pain relief Oil || SP || Generic || 22nd Nov'19,B079WN6V3G,,1132,4,26.07,0,0.0,0.0035335689045936395,6.5175,0.0,,0.0,True
2020-02-10,Pain relief Oil || SP || Generic || 22nd Nov'19,Pain relief Oil || SP || Generic || 22nd Nov'19,B07B7NSLLP,,1606,7,36.49285714285714,0,0.0,0.0043586550435865505,5.213265306122449,0.0,,0.0,True
2020-02-10,Pain relief Oil || SP || Generic-New || 18th Jan'19,Pain relief Oil || SP || Generic-New || 18th Jan'19,B07B7NSLLP,,584,7,8.695714285714285,3,961.62,0.011986301369863013,1.2422448979591836,0.42857142857142855,0.009042776029735534,110.58551010349927,False
2020-02-10,Sunscreen || SP || Generic || 24th Nov'19,Sunscreen || SP || Generic || 24th Nov'19,B07PYFJ8NQ,,3766,19,15.62842105263158,1,388.14,0.005045140732873075,0.8225484764542937,0.05263157894736842,0.040264907127921835,24.835522327742975,False
2020-02-11,Pain Relief Oil || SP || Automatic || 22nd Nov'19,Pain Relief Oil || SP || Automatic || 22nd Nov'19,B079WL1CXC,,47,0,0.0,0,0.0,0.0,,,,,False
2020-02-11,Pain Relief Oil || SP || Automatic || 22nd Nov'19,Pain Relief Oil || SP || Automatic || 22nd Nov'19,B079WN6V3G,,166,0,0.0,0,0.0,0.0,,,,,False
2020-02-11,Pain Relief Oil || SP || Automatic || 22nd Nov'19,Pain Relief Oil || SP || Automatic || 22nd Nov'19,B07B7NSLLP,,1485,1,9.12,0,0.0,0.0006734006734006734,9.12,0.0,,0.0,True
2020-02-11,Pain relief Oil || SP || Generic || 22nd Nov'19,Pain relief Oil || SP || Generic || 22nd Nov'19,B079WN6V3G,,973,5,35.564,0,0.0,0.0051387461459403904,7.1128,0.0,,0.0,True
2020-02-11,Pain relief Oil || SP || Generic || 22nd Nov'19,Pain relief Oil || SP || Generic || 22nd Nov'19,B07B7NSLLP,,1527,5,27.442,1,320.54,0.0032743942370661427,5.4884,0.2,0.08561178012104573,11.680635522192262,False
2020-02-11,Pain relief Oil || SP || Generic-New || 18th Jan'19,Pain relief Oil || SP || Generic-New || 18th Jan'19,B07B7NSLLP,,545,11,3.6454545454545455,2,641.08,0.02018348623853211,0.33140495867768593,0.18181818181818182,0.005686426881909505,175.85735660847882,False
2020-02-11,Sunscreen || SP || Generic || 24th Nov'19,Sunscreen || SP || Generic || 24th Nov'19,B07PYFJ8NQ,,6116,17,17.480588235294118,0,0.0,0.0027795945062132114,1.0282698961937715,0.0,,0.0,True
2020-02-12,Pain Relief Oil || SP || Automatic || 22nd Nov'19,Pain Relief Oil || SP || Automatic || 22nd Nov'19,B079WL1CXC,,58,0,0.0,0,0.0,0.0,,,,,False
2020-02-12,Pain Relief Oil || SP || Automatic || 22nd Nov'19,Pain Relief Oil || SP || Automatic || 22nd Nov'19,B079WN6V3G,,91,0,0.0,0,0.0,0.0,,,,,False
2020-02-12,Pain Relief Oil || SP || Automatic || 22nd Nov'19,Pain Relief Oil || SP || Automatic || 22nd Nov'19,B07B7NSLLP,,623,2,11.295,0,0.0,0.0032102728731942215,5.6475,0.0,,0.0,True
2020-02-12,Pain relief Oil || SP || Generic || 22nd Nov'19,Pain relief Oil || SP || Generic || 22nd Nov'19,B079WN6V3G,,1161,3,20.426666666666662,1,320.54,0.002583979328165375,6.808888888888887,0.3333333333333333,0.06372579605249473,15.692232375979117,False
2020-02-12,Pain relief Oil || SP || Generic || 22nd Nov'19,Pain relief Oil || SP || Generic || 22nd Nov'19,B07B7NSLLP,,1393,3,27.036666666666665,1,302.68,0.0021536252692031586,9.012222222222222,0.3333333333333333,0.08932425884322276,11.195167057082974,False
2020-02-12,Pain relief Oil || SP || Generic-New || 18th Jan'19,Pain relief Oil || SP || Generic-New || 18th Jan'19,B07B7NSLLP,,359,24,5.833749999999999,5,1308.04,0.06685236768802229,0.24307291666666664,0.20833333333333334,0.004459917127916577,224.21941289907866,False
2020-02-12,Sunscreen || SP || Generic || 24th Nov'19,Sunscreen || SP || Generic || 24th Nov'19,B07PYFJ8NQ,,4329,12,17.60166666666667,0,0.0,0.002772002772002772,1.466805555555556,0.0,,0.0,True
2020-02-13,Pain Relief Oil || SP || Automatic || 22nd Nov'19,Pain Relief Oil || SP || Automatic || 22nd Nov'19,B079WL1CXC,,67,0,0.0,0,0.0,0.0,,,,,False
2020-02-13,Pain Relief Oil || SP || Automatic || 22nd Nov'19,Pain Relief Oil || SP || Automatic || 22nd Nov'19,B079WN6V3G,,154,0,0.0,0,0.0,0.0,,,,,False
2020-02-13,Pain Relief Oil || SP || Automatic || 22nd Nov'19,Pain Relief Oil || SP || Automatic || 22nd Nov'19,B07B7NSLLP,,511,3,5.203333333333333,0,0.0,0.005870841487279843,1.7344444444444445,0.0,,0.0,True
2020-02-13,Pain relief Oil || SP || Generic || 22nd Nov'19,Pain relief Oil || SP || Generic || 22nd Nov'19,B079WN6V3G,,1159,1,23.96,0,0.0,0.0008628127696289905,23.96,0.0,,0.0,True
2020-02-13,Pain relief Oil || SP || Generic || 22nd Nov'19,Pain relief Oil || SP || Generic || 22nd Nov'19,B07B7NSLLP,,1657,3,35.806666666666665,0,0.0,0.0018105009052504525,11.935555555555554,0.0,,0.0,True
2020-02-13,Pain relief Oil || SP || Generic-New || 18th Jan'19,Pain relief Oil || SP || Generic-New || 18th Jan'19,B07B7NSLLP,,334,13,11.52846153846154,1,320.54,0.038922155688622756,0.8868047337278108,0.07692307692307693,0.03596575010439115,27.804230332955225,False
2020-02-13,Sunscreen || SP || Generic || 24th Nov'19,Sunscreen || SP || Generic || 24th Nov'19,B07PYFJ8NQ,,6096,18,18.19055555555555,2,669.49,0.002952755905511811,1.0105864197530863,0.1111111111111111,0.02717076514295292,36.804263506703734,False
2020-02-14,Pain Relief Oil || SP || Automatic || 22nd Nov'19,Pain Relief Oil || SP || Automatic || 22nd Nov'19,B079WL1CXC,,29,0,0.0,0,0.0,0.0,,,,,False
2020-02-14,Pain Relief Oil || SP || Automatic || 22nd Nov'19,Pain Relief Oil || SP || Automatic || 22nd Nov'19,B079WN6V3G,,115,0,0.0,0,0.0,0.0,,,,,False
2020-02-14,Pain Relief Oil || SP || Automatic || 22nd Nov'19,Pain Relief Oil || SP || Automatic || 22nd Nov'19,B07B7NSLLP,,533,0,0.0,0,0.0,0.0,,,,,False
2020-02-14,Pain relief Oil || SP || Generic || 22nd Nov'19,Pain relief Oil || SP || Generic || 22nd Nov'19,B079WN6V3G,,731,2,42.295,0,0.0,0.0027359781121751026,21.1475,0.0,,0.0,True
2020-02-14,Pain relief Oil || SP || Generic || 22nd Nov'19,Pain relief Oil || SP || Generic || 22nd Nov'19,B07B7NSLLP,,1312,1,17.83,1,605.36,0.0007621951219512195,17.83,1.0,0.02945354830183692,33.951766685361754,False
2020-02-14,Pain relief Oil || SP || Generic-New || 18th Jan'19,Pain relief Oil || SP || Generic-New || 18th Jan'19,B07B7NSLLP,,301,18,8.611666666666666,6,2421.44,0.059800664451827246,0.4784259259259259,0.3333333333333333,0.003556423725827056,281.1813431391523,False
2020-02-14,Sunscreen || SP || Generic || 24th Nov'19,Sunscreen || SP || Generic || 24th Nov'19,B07PYFJ8NQ,,4962,26,17.292307692307695,0,0.0,0.005239822652156389,0.6650887573964498,0.0,,0.0,True
2020-02-15,Pain Relief Oil || SP || Automatic || 22nd Nov'19,Pain Relief Oil || SP || Automatic || 22nd Nov'19,B079WL1CXC,,38,0,0.0,0,0.0,0.0,,,,,False
2020-02-15,Pain Relief Oil || SP || Automatic || 22nd Nov'19,Pain Relief Oil || SP || Automatic || 22nd Nov'19,B079WN6V3G,,98,0,0.0,0,0.0,0.0,,,,,False
2020-02-15,Pain Relief Oil || SP || Automatic || 22nd Nov'19,Pain Relief Oil || SP || Automatic || 22nd Nov'19,B07B7NSLLP,,715,2,7.48,0,0.0,0.002797202797202797,3.74,0.0,,0.0,True
2020-02-15,Pain relief Oil || SP || Generic || 22nd Nov'19,Pain relief Oil || SP || Generic || 22nd Nov'19,B079WN6V3G,,741,4,32.7075,0,0.0,0.005398110661268556,8.176875,0.0,,0.0,True
2020-02-15,Pain relief Oil || SP || Generic || 22nd Nov'19,Pain relief Oil || SP || Generic || 22nd Nov'19,B07B7NSLLP,,1618,4,30.8925,0,0.0,0.002472187886279357,7.723125,0.0,,0.0,True
2020-02-15,Pain relief Oil || SP || Generic-New || 18th Jan'19,Pain relief Oil || SP || Generic-New || 18th Jan'19,B07B7NSLLP,,365,15,1.768,5,1816.08,0.0410958904109589,0.11786666666666666,0.3333333333333333,0.0009735253953570327,1027.1945701357465,False
2020-02-15,Sunscreen || SP || Generic || 24th Nov'19,Sunscreen || SP || Generic || 24th Nov'19,B07PYFJ8NQ,,5516,16,16.478749999999998,2,1183.04,0.0029006526468455403,1.0299218749999999,0.125,0.013929157086827156,71.79185314420087,False
2020-02-16,Pain Relief Oil || SP || Automatic || 22nd Nov'19,Pain Relief Oil || SP || Automatic || 22nd Nov'19,B079WL1CXC,,45,0,0.0,0,0.0,0.0,,,,,False
2020-02-16,Pain Relief Oil || SP || Automatic || 22nd Nov'19,Pain Relief Oil || SP || Automatic || 22nd Nov'19,B079WN6V3G,,136,1,13.21,0,0.0,0.007352941176470588,13.21,0.0,,0.0,True
2020-02-16,Pain Relief Oil || SP || Automatic || 22nd Nov'19,Pain Relief Oil || SP || Automatic || 22nd Nov'19,B07B7NSLLP,,1242,5,8.568,1,1210.72,0.004025764895330112,1.7136,0.2,0.007076780758556891,141.30718954248366,False
2020-02-16,Pain relief Oil || SP || Generic || 22nd Nov'19,Pain relief Oil || SP || Generic || 22nd Nov'19,B079WN6V3G,,880,0,0.0,0,0.0,0.0,,,,,False
2020-02-16,Pain relief Oil || SP || Generic || 22nd Nov'19,Pain relief Oil || SP || Generic || 22nd Nov'19,B07B7NSLLP,,1593,2,26.21,0,0.0,0.0012554927809165098,13.105,0.0,,0.0,True
2020-02-16,Pain relief Oil || SP || Generic-New || 18th Jan'19,Pain relief Oil || SP || Generic-New || 18th Jan'19,B07B7NSLLP,,398,11,5.920000000000001,5,1816.08,0.02763819095477387,0.5381818181818182,0.45454545454545453,0.003259768292145721,306.7702702702702,False
2020-02-16,Sunscreen || SP || Generic || 24th Nov'19,Sunscreen || SP || Generic || 24th Nov'19,B07PYFJ8NQ,,9417,24,17.719583333333333,0,0.0,0.002548582351067219,0.7383159722222222,0.0,,0.0,True
2020-02-17,Hair Oil || SP|| Automatic || 17th Feb'20,Hair Oil || SP|| Automatic || 17th Feb'20,B07PVQ5Q8Z,,78,0,0.0,0,0.0,0.0,,,,,False
2020-02-17,Night Cream || SP || Automatic || 22nd Nov'19,Night Cream || SP || Automatic || 22nd Nov'19,B07PV5V8DY,,80,0,0.0,0,0.0,0.0,,,,,False
2020-02-17,Pain Relief Oil || SP || Automatic || 22nd Nov'19,Pain Relief Oil || SP || Automatic || 22nd Nov'19,B079WL1CXC,,70,0,0.0,0,0.0,0.0,,,,,False
2020-02-17,Pain Relief Oil || SP || Automatic || 22nd Nov'19,Pain Relief Oil || SP || Automatic || 22nd Nov'19,B079WN6V3G,,218,0,0.0,0,0.0,0.0,,,,,False
2020-02-17,Pain Relief Oil || SP || Automatic || 22nd Nov'19,Pain Relief Oil || SP || Automatic || 22nd Nov'19,B07B7NSLLP,,1214,2,10.61,0,0.0,0.0016474464579901153,5.305,0.0,,0.0,True
2020-02-17,Pain relief Oil || SP || Generic || 22nd Nov'19,Pain relief Oil || SP || Generic || 22nd Nov'19,B079WN6V3G,,797,9,28.74,0,0.0,0.011292346298619825,3.1933333333333334,0.0,,0.0,True
2020-02-17,Pain relief Oil || SP || Generic || 22nd Nov'19,Pain relief Oil || SP || Generic || 22nd Nov'19,B07B7NSLLP,,2131,3,15.4,0,0.0,0.0014077897700610043,5.133333333333334,0.0,,0.0,True
2020-02-17,Pain relief Oil || SP || Generic-New || 18th Jan'19,Pain relief Oil || SP || Generic-New || 18th Jan'19,B07B7NSLLP,,301,15,7.948666666666667,3,1210.72,0.04983388704318937,0.5299111111111111,0.2,0.006565239416765781,152.3173697894825,False
2020-02-17,Sunscreen || SP || Automatic || 22nd Nov'19,Sunscreen || SP || Automatic || 22nd Nov'19,B07PYFJ8NQ,,744,5,16.310000000000002,0,0.0,0.006720430107526882,3.2620000000000005,0.0,,0.0,True
2020-02-17,Sunscreen || SP || Generic || 24th Nov'19,Sunscreen || SP || Generic || 24th Nov'19,B07PYFJ8NQ,,12790,26,17.74923076923077,2,591.52,0.002032838154808444,0.6826627218934912,0.07692307692307693,0.030006138032916504,33.326514691860964,False
2020-02-18,Hair Oil || SP|| Automatic || 17th Feb'20,Hair Oil || SP|| Automatic || 17th Feb'20,B07PVQ5Q8Z,,365,0,0.0,0,0.0,0.0,,,,,False
2020-02-18,Night Cream || SP || Automatic || 22nd Nov'19,Night Cream || SP || Automatic || 22nd Nov'19,B07PV5V8DY,,148,2,11.595,0,0.0,0.013513513513513514,5.7975,0.0,,0.0,True
2020-02-18,Pain Relief Oil || SP || Automatic || 22nd Nov'19,Pain Relief Oil || SP || Automatic || 22nd Nov'19,B079WL1CXC,,64,0,0.0,0,0.0,0.0,,,,,False
2020-02-18,Pain Relief Oil || SP || Automatic || 22nd Nov'19,Pain Relief Oil || SP || Automatic || 22nd Nov'19,B079WN6V3G,,151,0,0.0,0,0.0,0.0,,,,,False
2020-02-18,Pain Relief Oil || SP || Automatic || 22nd Nov'19,Pain Relief Oil || SP || Automatic || 22nd Nov'19,B07B7NSLLP,,715,1,3.29,0,0.0,0.0013986013986013986,3.29,0.0,,0.0,True
2020-02-18,Pain relief Oil || SP || Generic || 22nd Nov'19,Pain relief Oil || SP || Generic || 22nd Nov'19,B079WN6V3G,,732,5,29.072000000000003,1,265.18,0.006830601092896175,5.814400000000001,0.2,0.1096311939060261,9.121491469455146,False
2020-02-18,Pain relief Oil || SP || Generic || 22nd Nov'19,Pain relief Oil || SP || Generic || 22nd Nov'19,B07B7NSLLP,,1824,1,39.43,0,0.0,0.0005482456140350877,39.43,0.0,,0.0,True
2020-02-18,Pain relief Oil || SP || Generic-New || 18th Jan'19,Pain relief Oil || SP || Generic-New || 18th Jan'19,B07B7NSLLP,,323,16,5.65875,4,1210.72,0.04953560371517028,0.353671875,0.25,0.004673871745738073,213.9553788380826,False
2020-02-18,Sunscreen || SP || Automatic || 22nd Nov'19,Sunscreen || SP || Automatic || 22nd Nov'19,B07PYFJ8NQ,,2395,19,17.734736842105264,0,0.0,0.007933194154488519,0.9334072022160665,0.0,,0.0,True
2020-02-18,Sunscreen || SP || Generic || 24th Nov'19,Sunscreen || SP || Generic || 24th Nov'19,B07PYFJ8NQ,,10009,9,15.89777777777778,1,591.52,0.00089919072834449,1.7664197530864199,0.1111111111111111,0.02687614582394134,37.20771596309756,False
2020-02-19,Hair Oil || SP|| Automatic || 17th Feb'20,Hair Oil || SP|| Automatic || 17th Feb'20,B07PVQ5Q8Z,,220,0,0.0,0,0.0,0.0,,,,,False
2020-02-19,Night Cream || SP || Automatic || 22nd Nov'19,Night Cream || SP || Automatic || 22nd Nov'19,B07PV5V8DY,,195,0,0.0,0,0.0,0.0,,,,,False
2020-02-19,Pain Relief Oil || SP || Automatic || 22nd Nov'19,Pain Relief Oil || SP || Automatic || 22nd Nov'19,B079WL1CXC,,48,0,0.0,0,0.0,0.0,,,,,False
2020-02-19,Pain Relief Oil || SP || Automatic || 22nd Nov'19,Pain Relief Oil || SP || Automatic || 22nd Nov'19,B079WN6V3G,,135,0,0.0,0,0.0,0.0,,,,,False
2020-02-19,Pain Relief Oil || SP || Automatic || 22nd Nov'19,Pain Relief Oil || SP || Automatic || 22nd Nov'19,B07B7NSLLP,,875,4,8.825,1,302.68,0.004571428571428572,2.20625,0.25,0.02915620457248579,34.298016997167146,False
2020-02-19,Pain relief Oil || SP || Generic || 22nd Nov'19,Pain relief Oil || SP || Generic || 22nd Nov'19,B079WN6V3G,,675,3,38.903333333333336,0,0.0,0.0044444444444444444,12.967777777777778,0.0,,0.0,True
2020-02-19,Pain relief Oil || SP || Generic || 22nd Nov'19,Pain relief Oil || SP || Generic || 22nd Nov'19,B07B7NSLLP,,1580,6,35.87,0,0.0,0.0037974683544303796,5.978333333333333,0.0,,0.0,True
2020-02-19,Pain relief Oil || SP || Generic-New || 18th Jan'19,Pain relief Oil || SP || Generic-New || 18th Jan'19,B07B7NSLLP,,399,8,2.62375,6,2118.76,0.020050125313283207,0.32796875,0.75,0.0012383422379127413,807.5312053358743,False
2020-02-19,Sunscreen || SP || Automatic || 22nd Nov'19,Sunscreen || SP || Automatic || 22nd Nov'19,B07PYFJ8NQ,,2721,23,16.781304347826087,1,295.76,0.008452774715178243,0.7296219281663516,0.043478260869565216,0.05673960085145418,17.624374951421096,False
2020-02-19,Sunscreen || SP || Generic || 24th Nov'19,Sunscreen || SP || Generic || 24th Nov'19,B07PYFJ8NQ,,8138,20,19.655,2,591.52,0.002457606291472106,0.98275,0.1,0.0332279550987287,30.09514118544899,False
2020-02-20,Hair Oil || SP|| Automatic || 17th Feb'20,Hair Oil || SP|| Automatic || 17th Feb'20,B07PVQ5Q8Z,,258,0,0.0,0,0.0,0.0,,,,,False
2020-02-20,Night Cream || SP || Automatic || 22nd Nov'19,Night Cream || SP || Automatic || 22nd Nov'19,B07PV5V8DY,,246,1,7.96,0,0.0,0.0040650406504065045,7.96,0.0,,0.0,True
2020-02-20,Pain Relief Oil || SP || Automatic || 22nd Nov'19,Pain Relief Oil || SP || Automatic || 22nd Nov'19,B079WL1CXC,,60,1,1.0,0,0.0,0.016666666666666666,1.0,0.0,,0.0,True
2020-02-20,Pain Relief Oil || SP || Automatic || 22nd Nov'19,Pain Relief Oil || SP || Automatic || 22nd Nov'19,B079WN6V3G,,144,0,0.0,0,0.0,0.0,,,,,False
2020-02-20,Pain Relief Oil || SP || Automatic || 22nd Nov'19,Pain Relief Oil || SP || Automatic || 22nd Nov'19,B07B7NSLLP,,927,1,10.72,0,0.0,0.0010787486515641855,10.72,0.0,,0.0,True
2020-02-20,Pain relief Oil || SP || Generic || 22nd Nov'19,Pain relief Oil || SP || Generic || 22nd Nov'19,B079WN6V3G,,720,6,22.68166666666667,0,0.0,0.008333333333333333,3.780277777777778,0.0,,0.0,True
2020-02-20,Pain relief Oil || SP || Generic || 22nd Nov'19,Pain relief Oil || SP || Generic || 22nd Nov'19,B07B7NSLLP,,1709,1,33.93,0,0.0,0.0005851375073142189,33.93,0.0,,0.0,True
2020-02-20,Pain relief Oil || SP || Generic-New || 18th Jan'19,Pain relief Oil || SP || Generic-New || 18th Jan'19,B07B7NSLLP,,286,17,2.684117647058823,9,3824.12,0.05944055944055944,0.15788927335640135,0.5294117647058824,0.0007018915847459868,1424.7214551829939,False
2020-02-20,Sunscreen || SP || Automatic || 22nd Nov'19,Sunscreen || SP || Automatic || 22nd Nov'19,B07PYFJ8NQ,,2461,17,17.079411764705885,0,0.0,0.00690776107273466,1.0046712802768167,0.0,,0.0,True
2020-02-20,Sunscreen || SP || Generic || 24th Nov'19,Sunscreen || SP || Generic || 24th Nov'19,B07PYFJ8NQ,,5778,13,20.32461538461538,2,591.52,0.002249913464866736,1.5634319526627216,0.15384615384615385,0.0343599800253844,29.103625766406786,False
2020-02-21,Face Wash || SP || Auto || 21st Feb'20,Face Wash || SP || Auto || 21st Feb'20,B07VY47CXN,,187,0,0.0,0,0.0,0.0,,,,,False
2020-02-21,Hair Oil || SP || Generic || 21st feb'20,Hair Oil || SP || Generic || 21st feb'20,B07PVQ5Q8Z,,11193,14,59.680714285714295,0,0.0,0.0012507817385866166,4.2629081632653065,0.0,,0.0,True
2020-02-21,Hair Oil || SP|| Automatic || 17th Feb'20,Hair Oil || SP|| Automatic || 17th Feb'20,B07PVQ5Q8Z,,2856,4,26.5075,0,0.0,0.0014005602240896359,6.626875,0.0,,0.0,True
2020-02-21,Night Cream || SP || Automatic || 22nd Nov'19,Night Cream || SP || Automatic || 22nd Nov'19,B07PV5V8DY,,7558,11,31.09272727272727,1,660.17,0.0014554114845197143,2.8266115702479335,0.09090909090909091,0.047098061518589564,21.232296356938193,False
2020-02-21,Night Cream || SP || Generic || 24th Nov'19,Night Cream || SP || Generic || 24th Nov'19,B07PV5V8DY,,4768,4,44.045,0,0.0,0.0008389261744966443,11.01125,0.0,,0.0,True
2020-02-21,Pain Relief Oil || SP || Automatic || 22nd Nov'19,Pain Relief Oil || SP || Automatic || 22nd Nov'19,B079WL1CXC,,35,0,0.0,0,0.0,0.0,,,,,False
2020-02-21,Pain Relief Oil || SP || Automatic || 22nd Nov'19,Pain Relief Oil || SP || Automatic || 22nd Nov'19,B079WN6V3G,,142,2,6.74,0,0.0,0.014084507042253521,3.37,0.0,,0.0,True
2020-02-21,Pain Relief Oil || SP || Automatic || 22nd Nov'19,Pain Relief Oil || SP || Automatic || 22nd Nov'19,B07B7NSLLP,,732,0,0.0,0,0.0,0.0,,,,,False
2020-02-21,Pain relief Oil || SP || Generic || 22nd Nov'19,Pain relief Oil || SP || Generic || 22nd Nov'19,B079WN6V3G,,207,0,0.0,0,0.0,0.0,,,,,False
2020-02-21,Pain relief Oil || SP || Generic || 22nd Nov'19,Pain relief Oil || SP || Generic || 22nd Nov'19,B07B7NSLLP,,2250,2,54.285,0,0.0,0.0008888888888888889,27.1425,0.0,,0.0,True
2020-02-21,Pain relief Oil || SP || Generic-New || 18th Jan'19,Pain relief Oil || SP || Generic-New || 18th Jan'19,B07B7NSLLP,,317,8,7.9375,4,1513.4,0.025236593059936908,0.9921875,0.5,0.00524481300383243,190.66456692913388,False
2020-02-21,Sunscreen || SP || Automatic || 22nd Nov'19,Sunscreen || SP || Automatic || 22nd Nov'19,B07PYFJ8NQ,,1542,13,15.9,0,0.0,0.008430609597924773,1.2230769230769232,0.0,,0.0,True
2020-02-21,Sunscreen || SP || Generic || 24th Nov'19,Sunscreen || SP || Generic || 24th Nov'19,B07PYFJ8NQ,,21994,59,28.283050847457627,6,2070.32,0.002682549786305356,0.4793737431772479,0.1016949152542373,0.013661197712168952,73.20002397075568,False
2020-02-22,Face Wash || SP || Auto || 21st Feb'20,Face Wash || SP || Auto || 21st Feb'20,B07VY47CXN,,244,0,0.0,0,0.0,0.0,,,,,False
2020-02-22,Hair Oil || SP || Generic || 21st feb'20,Hair Oil || SP || Generic || 21st feb'20,B07PVQ5Q8Z,,11542,17,67.23588235294118,1,311.61,0.0014728816496274476,3.9550519031141866,0.058823529411764705,0.21576933459433642,4.634578875075459,False
2020-02-22,Hair Oil || SP|| Automatic || 17th Feb'20,Hair Oil || SP|| Automatic || 17th Feb'20,B07PVQ5Q8Z,,10829,8,30.39875,0,0.0,0.0007387570412780497,3.79984375,0.0,,0.0,True
2020-02-22,Night Cream || SP || Automatic || 22nd Nov'19,Night Cream || SP || Automatic || 22nd Nov'19,B07PV5V8DY,,5739,14,31.049285714285716,0,0.0,0.0024394493814253355,2.21780612244898,0.0,,0.0,True
2020-02-22,Night Cream || SP || Generic || 24th Nov'19,Night Cream || SP || Generic || 24th Nov'19,B07PV5V8DY,,3880,12,40.03416666666666,0,0.0,0.003092783505154639,3.3361805555555546,0.0,,0.0,True
2020-02-22,Pain Relief Oil || SP || Automatic || 22nd Nov'19,Pain Relief Oil || SP || Automatic || 22nd Nov'19,B079WL1CXC,,52,0,0.0,0,0.0,0.0,,,,,False
2020-02-22,Pain Relief Oil || SP || Automatic || 22nd Nov'19,Pain Relief Oil || SP || Automatic || 22nd Nov'19,B079WN6V3G,,180,0,0.0,0,0.0,0.0,,,,,False
2020-02-22,Pain Relief Oil || SP || Automatic || 22nd Nov'19,Pain Relief Oil || SP || Automatic || 22nd Nov'19,B07B7NSLLP,,863,1,13.02,0,0.0,0.0011587485515643105,13.02,0.0,,0.0,True
2020-02-22,Pain relief Oil || SP || Generic || 22nd Nov'19,Pain relief Oil || SP || Generic || 22nd Nov'19,B07B7NSLLP,,2654,6,49.53833333333333,0,0.0,0.002260738507912585,8.256388888888887,0.0,,0.0,True
2020-02-22,Pain relief Oil || SP || Generic-New || 18th Jan'19,Pain relief Oil || SP || Generic-New || 18th Jan'19,B07B7NSLLP,,318,11,7.524545454545455,2,605.36,0.03459119496855346,0.6840495867768596,0.18181818181818182,0.012429868928481325,80.45137126978373,False
2020-02-22,Sunscreen || SP || Automatic || 22nd Nov'19,Sunscreen || SP || Automatic || 22nd Nov'19,B07PYFJ8NQ,,1722,9,12.152222222222225,1,295.76,0.005226480836236934,1.3502469135802473,0.1111111111111111,0.041088119496288295,24.33793544847764,False
2020-02-22,Sunscreen || SP || Generic || 24th Nov'19,Sunscreen || SP || Generic || 24th Nov'19,B07PYFJ8NQ,,14536,63,27.40285714285714,6,2070.32,0.0043340671436433685,0.4349659863945578,0.09523809523809523,0.01323604908557959,75.55124595975394,False
2020-02-23,Face Wash || SP || Auto || 21st Feb'20,Face Wash || SP || Auto || 21st Feb'20,B07VY47CXN,,437,0,0.0,0,0.0,0.0,,,,,False
2020-02-23,Hair Oil || SP || Generic || 21st feb'20,Hair Oil || SP || Generic || 21st feb'20,B07PVQ5Q8Z,,17270,21,59.69619047619047,1,311.61,0.0012159814707585407,2.8426757369614513,0.047619047619047616,0.1915734105971903,5.219931079593498,False
2020-02-23,Hair Oil || SP|| Automatic || 17th Feb'20,Hair Oil || SP|| Automatic || 17th Feb'20,B07PVQ5Q8Z,,12716,13,25.51153846153846,0,0.0,0.0010223340673167663,1.9624260355029586,0.0,,0.0,True
2020-02-23,Night Cream || SP || Automatic || 22nd Nov'19,Night Cream || SP || Automatic || 22nd Nov'19,B07PV5V8DY,,6078,14,41.795,0,0.0,0.002303389272787101,2.985357142857143,0.0,,0.0,True
2020-02-23,Night Cream || SP || Generic || 24th Nov'19,Night Cream || SP || Generic || 24th Nov'19,B07PV5V8DY,,2517,6,48.31833333333333,0,0.0,0.0023837902264600714,8.053055555555554,0.0,,0.0,True
2020-02-23,Pain Relief Oil || SP || Automatic || 22nd Nov'19,Pain Relief Oil || SP || Automatic || 22nd Nov'19,B079WL1CXC,,38,0,0.0,0,0.0,0.0,,,,,False
2020-02-23,Pain Relief Oil || SP || Automatic || 22nd Nov'19,Pain Relief Oil || SP || Automatic || 22nd Nov'19,B079WN6V3G,,115,0,0.0,0,0.0,0.0,,,,,False
2020-02-23,Pain Relief Oil || SP || Automatic || 22nd Nov'19,Pain Relief Oil || SP || Automatic || 22nd Nov'19,B07B7NSLLP,,420,0,0.0,0,0.0,0.0,,,,,False
2020-02-23,Pain relief Oil || SP || Generic || 22nd Nov'19,Pain relief Oil || SP || Generic || 22nd Nov'19,B07B7NSLLP,,1497,4,57.1725,0,0.0,0.0026720106880427524,14.293125,0.0,,0.0,True
2020-02-23,Pain relief Oil || SP || Generic-New || 18th Jan'19,Pain relief Oil || SP || Generic-New || 18th Jan'19,B07B7NSLLP,,391,4,4.7825,3,1210.72,0.010230179028132993,1.195625,0.75,0.003950128848949385,253.15629900679562,False
2020-02-23,Sunscreen || SP || Automatic || 22nd Nov'19,Sunscreen || SP || Automatic || 22nd Nov'19,B07PYFJ8NQ,,552,2,10.925,0,0.0,0.0036231884057971015,5.4625,0.0,,0.0,True
2020-02-23,Sunscreen || SP || Generic || 24th Nov'19,Sunscreen || SP || Generic || 24th Nov'19,B07PYFJ8NQ,,18177,36,23.931666666666672,1,295.76,0.001980524839082357,0.6647685185185187,0.027777777777777776,0.08091583265710939,12.358520788355731,False
2020-02-24,Face Wash || SP || Auto || 21st Feb'20,Face Wash || SP || Auto || 21st Feb'20,B07VY47CXN,,271,0,0.0,0,0.0,0.0,,,,,False
2020-02-24,Hair Oil || SP || Generic || 21st feb'20,Hair Oil || SP || Generic || 21st feb'20,B07PVQ5Q8Z,,9755,42,50.97380952380953,1,311.61,0.004305484366991286,1.2136621315192744,0.023809523809523808,0.16358207221786697,6.113139333924985,False
2020-02-24,Hair Oil || SP|| Automatic || 17th Feb'20,Hair Oil || SP|| Automatic || 17th Feb'20,B07PVQ5Q8Z,,3375,7,39.78142857142858,0,0.0,0.002074074074074074,5.683061224489797,0.0,,0.0,True
2020-02-24,Night Cream || SP || Automatic || 22nd Nov'19,Night Cream || SP || Automatic || 22nd Nov'19,B07PV5V8DY,,3931,9,40.327777777777776,0,0.0,0.0022894937674891886,4.480864197530864,0.0,,0.0,True
2020-02-24,Night Cream || SP || Generic || 24th Nov'19,Night Cream || SP || Generic || 24th Nov'19,B07PV5V8DY,,2950,8,43.8625,0,0.0,0.002711864406779661,5.4828125,0.0,,0.0,True
2020-02-24,Pain Relief Oil || SP || Automatic || 22nd Nov'19,Pain Relief Oil || SP || Automatic || 22nd Nov'19,B079WL1CXC,,29,0,0.0,0,0.0,0.0,,,,,False
2020-02-24,Pain Relief Oil || SP || Automatic || 22nd Nov'19,Pain Relief Oil || SP || Automatic || 22nd Nov'19,B079WN6V3G,,147,0,0.0,0,0.0,0.0,,,,,False
2020-02-24,Pain Relief Oil || SP || Automatic || 22nd Nov'19,Pain Relief Oil || SP || Automatic || 22nd Nov'19,B07B7NSLLP,,131,0,0.0,0,0.0,0.0,,,,,False
2020-02-24,Pain relief Oil || SP || Generic || 22nd Nov'19,Pain relief Oil || SP || Generic || 22nd Nov'19,B07B7NSLLP,,1555,4,38.9925,0,0.0,0.002572347266881029,9.748125,0.0,,0.0,True
2020-02-24,Pain relief Oil || SP || Generic-New || 18th Jan'19,Pain relief Oil || SP || Generic-New || 18th Jan'19,B07B7NSLLP,,226,5,12.196000000000002,1,302.68,0.022123893805309734,2.4392000000000005,0.2,0.04029337914629312,24.81797310593637,False
2020-02-24,Sunscreen || SP || Automatic || 22nd Nov'19,Sunscreen || SP || Automatic || 22nd Nov'19,B07PYFJ8NQ,,176,2,10.67,0,0.0,0.011363636363636364,5.335,0.0,,0.0,True
2020-02-24,Sunscreen || SP || Generic || 24th Nov'19,Sunscreen || SP || Generic || 24th Nov'19,B07PYFJ8NQ,,17228,22,24.12909090909091,2,591.52,0.0012769909449732992,1.0967768595041323,0.09090909090909091,0.04079167383873903,24.51480672142265,False
2020-02-25,Face Wash || SP || Auto || 21st Feb'20,Face Wash || SP || Auto || 21st Feb'20,B07VY47CXN,,478,0,0.0,0,0.0,0.0,,,,,False
2020-02-25,Hair Oil || SP || Generic || 21st feb'20,Hair Oil || SP || Generic || 21st feb'20,B07PVQ5Q8Z,,12243,43,51.50093023255814,0,0.0,0.0035122110593808708,1.1976960519199567,0.0,,0.0,True
2020-02-25,Hair Oil || SP|| Automatic || 17th Feb'20,Hair Oil || SP|| Automatic || 17th Feb'20,B07PVQ5Q8Z,,9530,25,28.2332,0,0.0,0.0026232948583420775,1.129328,0.0,,0.0,True
2020-02-25,Night Cream || SP || Automatic || 22nd Nov'19,Night Cream || SP || Automatic || 22nd Nov'19,B07PV5V8DY,,4267,11,29.01727272727273,0,0.0,0.002577923599718772,2.637933884297521,0.0,,0.0,True
2020-02-25,Night Cream || SP || Generic || 24th Nov'19,Night Cream || SP || Generic || 24th Nov'19,B07PV5V8DY,,2764,11,30.769090909090902,0,0.0,0.003979739507959479,2.7971900826446277,0.0,,0.0,True
2020-02-25,Pain Relief Oil || SP || Automatic || 22nd Nov'19,Pain Relief Oil || SP || Automatic || 22nd Nov'19,B079WL1CXC,,120,0,0.0,0,0.0,0.0,,,,,False
2020-02-25,Pain Relief Oil || SP || Automatic || 22nd Nov'19,Pain Relief Oil || SP || Automatic || 22nd Nov'19,B079WN6V3G,,455,0,0.0,0,0.0,0.0,,,,,False
2020-02-25,Pain Relief Oil || SP || Automatic || 22nd Nov'19,Pain Relief Oil || SP || Automatic || 22nd Nov'19,B07B7NSLLP,,849,0,0.0,0,0.0,0.0,,,,,False
2020-02-25,Pain relief Oil || SP || Generic || 22nd Nov'19,Pain relief Oil || SP || Generic || 22nd Nov'19,B07B7NSLLP,,1805,3,47.94333333333333,0,0.0,0.0016620498614958448,15.98111111111111,0.0,,0.0,True
2020-02-25,Pain relief Oil || SP || Generic-New || 18th Jan'19,Pain relief Oil || SP || Generic-New || 18th Jan'19,B07B7NSLLP,,354,17,7.129411764705882,1,302.68,0.0480225988700565,0.41937716262975777,0.058823529411764705,0.02355428757997186,42.455115511551156,False
2020-02-25,Sunscreen || SP || Automatic || 22nd Nov'19,Sunscreen || SP || Automatic || 22nd Nov'19,B07PYFJ8NQ,,850,3,6.843333333333334,0,0.0,0.0035294117647058825,2.281111111111111,0.0,,0.0,True
2020-02-25,Sunscreen || SP || Generic || 24th Nov'19,Sunscreen || SP || Generic || 24th Nov'19,B07PYFJ8NQ,,22434,45,25.286222222222214,0,0.0,0.0020058839261834715,0.5619160493827159,0.0,,0.0,True
2020-02-26,Face Wash || SP || Auto || 21st Feb'20,Face Wash || SP || Auto || 21st Feb'20,B07VY47CXN,,160,0,0.0,0,0.0,0.0,,,,,False
2020-02-26,Hair Oil || SP || Generic || 21st feb'20,Hair Oil || SP || Generic || 21st feb'20,B07PVQ5Q8Z,,11150,40,52.43975,0,0.0,0.003587443946188341,1.31099375,0.0,,0.0,True
2020-02-26,Hair Oil || SP|| Automatic || 17th Feb'20,Hair Oil || SP|| Automatic || 17th Feb'20,B07PVQ5Q8Z,,3006,10,32.185,0,0.0,0.00332667997338656,3.2185,0.0,,0.0,True
2020-02-26,Night Cream || SP || Automatic || 22nd Nov'19,Night Cream || SP || Automatic || 22nd Nov'19,B07PV5V8DY,,1883,2,17.049999999999997,0,0.0,0.0010621348911311736,8.524999999999999,0.0,,0.0,True
2020-02-26,Night Cream || SP || Generic || 24th Nov'19,Night Cream || SP || Generic || 24th Nov'19,B07PV5V8DY,,1071,3,38.59333333333333,0,0.0,0.0028011204481792717,12.864444444444443,0.0,,0.0,True
2020-02-26,Pain Relief Oil || SP || Automatic || 22nd Nov'19,Pain Relief Oil || SP || Automatic || 22nd Nov'19,B079WL1CXC,,34,0,0.0,0,0.0,0.0,,,,,False
2020-02-26,Pain Relief Oil || SP || Automatic || 22nd Nov'19,Pain Relief Oil || SP || Automatic || 22nd Nov'19,B079WN6V3G,,80,0,0.0,0,0.0,0.0,,,,,False
2020-02-26,Pain Relief Oil || SP || Automatic || 22nd Nov'19,Pain Relief Oil || SP || Automatic || 22nd Nov'19,B07B7NSLLP,,881,0,0.0,0,0.0,0.0,,,,,False
2020-02-26,Pain relief Oil || SP || Generic || 22nd Nov'19,Pain relief Oil || SP || Generic || 22nd Nov'19,B07B7NSLLP,,1110,3,20.223333333333333,0,0.0,0.002702702702702703,6.741111111111111,0.0,,0.0,True
2020-02-26,Pain relief Oil || SP || Generic-New || 18th Jan'19,Pain relief Oil || SP || Generic-New || 18th Jan'19,B07B7NSLLP,,217,13,4.014615384615385,2,605.36,0.059907834101382486,0.3088165680473373,0.15384615384615385,0.006631781724288663,150.78904004598581,False
2020-02-26,Sunscreen || SP || Automatic || 22nd Nov'19,Sunscreen || SP || Automatic || 22nd Nov'19,B07PYFJ8NQ,,435,1,10.66,0,0.0,0.0022988505747126436,10.66,0.0,,0.0,True
2020-02-26,Sunscreen || SP || Generic || 24th Nov'19,Sunscreen || SP || Generic || 24th Nov'19,B07PYFJ8NQ,,19416,40,24.46975,3,887.28,0.0020601565718994645,0.61174375,0.075,0.02757838562798666,36.260280550475585,False
2020-02-27,Face Wash || SP || Auto || 21st Feb'20,Face Wash || SP || Auto || 21st Feb'20,B07VY47CXN,,473,0,0.0,0,0.0,0.0,,,,,False
2020-02-27,Hair Oil || SP || Generic || 21st feb'20,Hair Oil || SP || Generic || 21st feb'20,B07PVQ5Q8Z,,9360,35,53.707142857142856,1,311.61,0.0037393162393162395,1.5344897959183672,0.02857142857142857,0.17235372053895207,5.802021545418274,False
2020-02-27,Hair Oil || SP|| Automatic || 17th Feb'20,Hair Oil || SP|| Automatic || 17th Feb'20,B07PVQ5Q8Z,,1993,2,40.54,0,0.0,0.0010035122930255895,20.27,0.0,,0.0,True
2020-02-27,Night Cream || SP || Automatic || 22nd Nov'19,Night Cream || SP || Automatic || 22nd Nov'19,B07PV5V8DY,,2176,9,19.322222222222223,0,0.0,0.004136029411764706,2.1469135802469137,0.0,,0.0,True
2020-02-27,Night Cream || SP || Generic || 24th Nov'19,Night Cream || SP || Generic || 24th Nov'19,B07PV5V8DY,,1723,4,46.425,0,0.0,0.0023215322112594312,11.60625,0.0,,0.0,True
2020-02-27,Pain Relief Oil || SP || Automatic || 22nd Nov'19,Pain Relief Oil || SP || Automatic || 22nd Nov'19,B079WL1CXC,,54,0,0.0,0,0.0,0.0,,,,,False
2020-02-27,Pain Relief Oil || SP || Automatic || 22nd Nov'19,Pain Relief Oil || SP || Automatic || 22nd Nov'19,B079WN6V3G,,195,1,13.79,0,0.0,0.005128205128205128,13.79,0.0,,0.0,True
2020-02-27,Pain Relief Oil || SP || Automatic || 22nd Nov'19,Pain Relief Oil || SP || Automatic || 22nd Nov'19,B07B7NSLLP,,603,1,7.41,0,0.0,0.001658374792703151,7.41,0.0,,0.0,True
2020-02-27,Pain relief Oil || SP || Generic || 22nd Nov'19,Pain relief Oil || SP || Generic || 22nd Nov'19,B07B7NSLLP,,1568,2,46.42,0,0.0,0.0012755102040816326,23.21,0.0,,0.0,True
2020-02-27,Pain relief Oil || SP || Generic-New || 18th Jan'19,Pain relief Oil || SP || Generic-New || 18th Jan'19,B07B7NSLLP,,295,17,8.600588235294117,4,1183.93,0.0576271186440678,0.5059169550173009,0.23529411764705882,0.007264439819325565,137.65686341563506,False
2020-02-27,Sunscreen || SP || Automatic || 22nd Nov'19,Sunscreen || SP || Automatic || 22nd Nov'19,B07PYFJ8NQ,,821,1,16.1,0,0.0,0.001218026796589525,16.1,0.0,,0.0,True
2020-02-27,Sunscreen || SP || Generic || 24th Nov'19,Sunscreen || SP || Generic || 24th Nov'19,B07PYFJ8NQ,,25570,46,25.38934782608696,2,887.28,0.0017989831834180682,0.5519423440453687,0.043478260869565216,0.028614809108834825,34.9469394045774,False
2020-02-28,Face Wash || SP || Auto || 21st Feb'20,Face Wash || SP || Auto || 21st Feb'20,B07VY47CXN,,257,2,1.085,2,532.2,0.007782101167315175,0.5425,1.0,0.0020387072529124387,490.50691244239636,False
2020-02-28,Hair Oil || SP || Generic || 21st feb'20,Hair Oil || SP || Generic || 21st feb'20,B07PVQ5Q8Z,,4321,5,57.598,0,0.0,0.0011571395510298543,11.5196,0.0,,0.0,True
2020-02-28,Hair Oil || SP|| Automatic || 17th Feb'20,Hair Oil || SP|| Automatic || 17th Feb'20,B07PVQ5Q8Z,,161,0,0.0,0,0.0,0.0,,,,,False
2020-02-28,Night Cream || SP || Automatic || 22nd Nov'19,Night Cream || SP || Automatic || 22nd Nov'19,B07PV5V8DY,,1594,7,19.322857142857146,2,1320.34,0.00439146800501882,2.7604081632653066,0.2857142857142857,0.014634758579500088,68.33047464143131,False
2020-02-28,Night Cream || SP || Generic || 24th Nov'19,Night Cream || SP || Generic || 24th Nov'19,B07PV5V8DY,,2325,2,32.115,0,0.0,0.0008602150537634409,16.0575,0.0,,0.0,True
2020-02-28,Pain Relief Oil || SP || Automatic || 22nd Nov'19,Pain Relief Oil || SP || Automatic || 22nd Nov'19,B079WL1CXC,,71,0,0.0,0,0.0,0.0,,,,,False
2020-02-28,Pain Relief Oil || SP || Automatic || 22nd Nov'19,Pain Relief Oil || SP || Automatic || 22nd Nov'19,B079WN6V3G,,131,1,9.13,0,0.0,0.007633587786259542,9.13,0.0,,0.0,True
2020-02-28,Pain Relief Oil || SP || Automatic || 22nd Nov'19,Pain Relief Oil || SP || Automatic || 22nd Nov'19,B07B7NSLLP,,787,0,0.0,0,0.0,0.0,,,,,False
2020-02-28,Pain relief Oil || SP || Generic || 22nd Nov'19,Pain relief Oil || SP || Generic || 22nd Nov'19,B07B7NSLLP,,1981,10,50.91,2,605.36,0.005047955577990914,5.090999999999999,0.2,0.08409871811814457,11.890787664505993,False
2020-02-28,Pain relief Oil || SP || Generic-New || 18th Jan'19,Pain relief Oil || SP || Generic-New || 18th Jan'19,B07B7NSLLP,,561,21,5.633333333333334,8,2973.2200000000003,0.0374331550802139,0.2682539682539683,0.38095238095238093,0.0018946910532464242,527.7905325443787,False
2020-02-28,Sunscreen || SP || Automatic || 22nd Nov'19,Sunscreen || SP || Automatic || 22nd Nov'19,B07PYFJ8NQ,,1359,4,14.36,0,0.0,0.0029433406916850625,3.59,0.0,,0.0,True
2020-02-28,Sunscreen || SP || Generic || 24th Nov'19,Sunscreen || SP || Generic || 24th Nov'19,B07PYFJ8NQ,,26809,40,25.57725,5,2916.94,0.0014920362564810326,0.63943125,0.125,0.008768521121449189,114.04431672677869,False
2020-02-29,Face Wash || SP || Auto || 21st Feb'20,Face Wash || SP || Auto || 21st Feb'20,B07VY47CXN,,378,1,25.6,0,0.0,0.0026455026455026454,25.6,0.0,,0.0,True
2020-02-29,Hair Oil || SP || Generic || 21st feb'20,Hair Oil || SP || Generic || 21st feb'20,B07PVQ5Q8Z,,2444,3,60.22,0,0.0,0.0012274959083469722,20.073333333333334,0.0,,0.0,True
2020-02-29,Hair Oil || SP|| Automatic || 17th Feb'20,Hair Oil || SP|| Automatic || 17th Feb'20,B07PVQ5Q8Z,,20,0,0.0,0,0.0,0.0,,,,,False
2020-02-29,Night Cream || SP || Automatic || 22nd Nov'19,Night Cream || SP || Automatic || 22nd Nov'19,B07PV5V8DY,,1992,3,17.733333333333334,0,0.0,0.0015060240963855422,5.911111111111111,0.0,,0.0,True
2020-02-29,Night Cream || SP || Generic || 24th Nov'19,Night Cream || SP || Generic || 24th Nov'19,B07PV5V8DY,,2498,5,23.878,0,0.0,0.0020016012810248197,4.7756,0.0,,0.0,True
2020-02-29,Pain Relief Oil || SP || Automatic || 22nd Nov'19,Pain Relief Oil || SP || Automatic || 22nd Nov'19,B079WL1CXC,,42,0,0.0,0,0.0,0.0,,,,,False
2020-02-29,Pain Relief Oil || SP || Automatic || 22nd Nov'19,Pain Relief Oil || SP || Automatic || 22nd Nov'19,B079WN6V3G,,307,1,12.64,0,0.0,0.003257328990228013,12.64,0.0,,0.0,True
2020-02-29,Pain Relief Oil || SP || Automatic || 22nd Nov'19,Pain Relief Oil || SP || Automatic || 22nd Nov'19,B07B7NSLLP,,1055,2,7.64,0,0.0,0.0018957345971563982,3.82,0.0,,0.0,True
2020-02-29,Pain relief Oil || SP || Generic || 22nd Nov'19,Pain relief Oil || SP || Generic || 22nd Nov'19,B07B7NSLLP,,2363,6,43.49333333333333,1,302.68,0.0025391451544646637,7.248888888888889,0.16666666666666666,0.1436941103916127,6.959227467811159,False
2020-02-29,Pain relief Oil || SP || Generic-New || 18th Jan'19,Pain relief Oil || SP || Generic-New || 18th Jan'19,B07B7NSLLP,,448,7,17.69,3,908.04,0.015625,2.527142857142857,0.42857142857142855,0.019481520637857366,51.330695308083655,False
2020-02-29,Sunscreen || SP || Automatic || 22nd Nov'19,Sunscreen || SP || Automatic || 22nd Nov'19,B07PYFJ8NQ,,763,1,3.86,0,0.0,0.001310615989515072,3.86,0.0,,0.0,True
2020-02-29,Sunscreen || SP || Generic || 24th Nov'19,Sunscreen || SP || Generic || 24th Nov'19,B07PYFJ8NQ,,26912,67,27.411492537313432,3,887.28,0.0024895957193816886,0.4091267542882602,0.04477611940298507,0.030893846967488765,32.3689050784887,False
